follow_up,population,n,events,term,HR,HR_lower_95,HR_upper_95,p,E_value
5 years,Overall,80000,45805,age_at_rt,1.0219886534150975,1.0212824604706492,1.0226953346754566,0.0,1.1718958056597677
5 years,Overall,80000,45805,approval_to_rt_days,1.0006124548805995,0.998575954875816,1.0026531081320629,0.5558493543179279,1.0253678579591243
5 years,Overall,80000,45805,timing_group_Night,0.9674101119613978,0.9379910818885335,0.9977518366601914,0.03548266813944684,1.2202960064167467
5 years,Overall,80000,45805,timing_group_Afternoon,0.9879977550616718,0.9646655486674142,1.0118942936806845,0.3220452566446441,1.1230336830545469
5 years,Overall,80000,45805,timing_group_Evening,0.9804514206376451,0.9558358925128614,1.0057008695323102,0.12806546471101354,1.1625422843669964
5 years,Overall,80000,45805,sex_Male,1.2496125290232074,1.2266212258348352,1.273034772106607,2.6227880390581906e-122,1.8081095690051296
5 years,Overall,80000,45805,year_bin_2015-2019,0.9963966652900205,0.9702831678775273,1.0232129624311783,0.7899239803890892,1.063861230917421
5 years,Overall,80000,45805,year_bin_2020-2025,0.9935461293130664,0.9695111212683587,1.0181769857178768,0.6043077794967006,1.087353625943889
5 years,Overall,80000,45805,stage_Stage II,1.2343772412827618,1.1964451847899757,1.2735118943742585,6.491843326132932e-40,1.7722526288160452
5 years,Overall,80000,45805,stage_Stage III,1.6761326165939254,1.626985227588089,1.7267646323837873,1.3357328097177906e-253,2.7406925875753982
5 years,Overall,80000,45805,stage_Stage IV,2.6960577742963507,2.6131904758499926,2.7815528908123293,0.0,4.834437943500939
5 years,Overall,80000,45805,stage_Recurrence,2.180509503594704,2.064828816673266,2.3026711255062766,7.161852824450787e-173,3.784913502490281
5 years,Overall,80000,45805,stage_Unknown,1.3616751233289743,1.301490151714473,1.4246432361016832,7.416713595742043e-41,2.063447179030826
5 years,Overall,80000,45805,kps_group_<90,1.3930830023317282,1.3605630375409272,1.4263802542314794,1.3944802868106778e-166,2.1330811435819976
5 years,Overall,80000,45805,kps_group_Not documented,1.1006600381615896,1.0763266457754848,1.1255435553516655,4.1538064165123873e-17,1.4335150838560815
5 years,Overall,80000,45805,concurrent_chemo_Yes,1.0515027813304747,1.0304477611528107,1.0729880163054286,1.1371339235575639e-06,1.2842157328721742
5 years,Overall,80000,45805,total_dose_group_Middle,0.8988135781220531,0.8772332942407478,0.9209247454701114,7.731676887523179e-18,1.4664866714845801
5 years,Overall,80000,45805,total_dose_group_High,0.9401817981360533,0.9162624293334013,0.9647255908871296,2.7159450237023407e-06,1.3237627034761386
5 years,Overall,80000,45805,fraction_dose_group_Middle,1.2170075198574788,1.1922606809000722,1.2422680099384984,2.474587908043621e-78,1.7309139155485354
5 years,Overall,80000,45805,fraction_dose_group_High,1.6466496280314673,1.5220510579185023,1.7814481211978852,1.9520579610086237e-35,2.6785436969477985
5 years,Breast Cancer,18213,6663,age_at_rt,1.0186530600530015,1.016742446426913,1.0205672640125523,6.019669214442231e-83,1.1564971629458796
5 years,Breast Cancer,18213,6663,approval_to_rt_days,0.9970326281417885,0.991637747793482,1.0024568586575702,0.28303232141949797,1.0576119164676605
5 years,Breast Cancer,18213,6663,timing_group_Night,0.9209516534502018,0.8484046536507088,0.9997021401792637,0.04917396948528653,1.3911212094029293
5 years,Breast Cancer,18213,6663,timing_group_Afternoon,0.9730037612361696,0.9143776896349184,1.035388691250477,0.3880621880600943,1.1966092713727343
5 years,Breast Cancer,18213,6663,timing_group_Evening,0.9470816205181755,0.8860534494920249,1.0123131922092998,0.10963042759269025,1.298768686116383
5 years,Breast Cancer,18213,6663,sex_Male,0.9511432876530024,0.7994513755174828,1.1316179837226112,0.5720222931977448,1.2837556247185407
5 years,Breast Cancer,18213,6663,year_bin_2015-2019,0.9647777004989825,0.900715442517978,1.0333963063606806,0.30637034662204554,1.2310359668755284
5 years,Breast Cancer,18213,6663,year_bin_2020-2025,0.9413950849619018,0.8835224035074094,1.003058555699651,0.062093969740243456,1.3194083337424982
5 years,Breast Cancer,18213,6663,stage_Stage II,1.2764812166757407,1.1708239883407212,1.391673140243012,3.067326947932077e-08,1.8705545116909588
5 years,Breast Cancer,18213,6663,stage_Stage III,1.7150837874695206,1.5799564113348916,1.861768069636514,5.534789053504654e-38,2.8225261609460257
5 years,Breast Cancer,18213,6663,stage_Stage IV,2.9234614600718047,2.6893082132917887,3.1780020104366757,5.789031855137061e-140,5.294782916233614
5 years,Breast Cancer,18213,6663,stage_Recurrence,2.3771517777937032,2.0729140854003894,2.7260418627414005,2.86564065448986e-35,4.186488340424896
5 years,Breast Cancer,18213,6663,stage_Unknown,1.338179145043991,1.1806088974678368,1.5167795432267197,5.1775185887637765e-06,2.010893259052814
5 years,Breast Cancer,18213,6663,kps_group_<90,1.4611879457325425,1.3747757941880256,1.553031571969966,3.3590048409054043e-34,2.2820912695298974
5 years,Breast Cancer,18213,6663,kps_group_Not documented,1.1363000436939548,1.0714303324542827,1.2050972892854679,2.0405391417213456e-05,1.5298451435299567
5 years,Breast Cancer,18213,6663,concurrent_chemo_Yes,0.9056612294618412,0.8494615180280213,0.9655790699670953,0.0024325697970962673,1.4433058728447654
5 years,Breast Cancer,18213,6663,total_dose_group_Middle,0.9474629573692869,0.8944278778921321,1.00364275060668,0.06632151300991695,1.2973695642461096
5 years,Breast Cancer,18213,6663,total_dose_group_High,0.8405535356334639,0.7869485241024501,0.897809989632735,2.3901801698339147e-07,1.6647452204521067
5 years,Breast Cancer,18213,6663,fraction_dose_group_Middle,0.9859558535559573,0.9344224333063684,1.0403313432036705,0.6055847009660117,1.1344402465581263
5 years,Colorectal Cancer,8020,4622,age_at_rt,1.0207250471303793,1.0184228018194676,1.0230324968941586,6.432169742976412e-71,1.1661711701757727
5 years,Colorectal Cancer,8020,4622,approval_to_rt_days,1.0060854557586614,0.999522259450148,1.01269174820173,0.06923811284028047,1.0843317881356616
5 years,Colorectal Cancer,8020,4622,timing_group_Night,0.9051479132711763,0.8220741819476657,0.9966165619726541,0.04246176100587232,1.445046318385513
5 years,Colorectal Cancer,8020,4622,timing_group_Afternoon,0.9355139108478312,0.8680073553292057,1.0082705774513574,0.08108593379414072,1.340376769401388
5 years,Colorectal Cancer,8020,4622,timing_group_Evening,0.9863728208631137,0.9108491632674772,1.0681585722132876,0.7356627417582646,1.132163706970103
5 years,Colorectal Cancer,8020,4622,sex_Male,0.9280167935576066,0.8759188033419067,0.9832134734853661,0.011268793376602663,1.3666744732775324
5 years,Colorectal Cancer,8020,4622,year_bin_2015-2019,1.021452912298292,0.9400006647680847,1.1099631001857637,0.616635367856695,1.1694837865927117
5 years,Colorectal Cancer,8020,4622,year_bin_2020-2025,1.017591165616659,0.9423887179591133,1.0987947548688681,0.6561961357470053,1.1513843445325203
5 years,Colorectal Cancer,8020,4622,stage_Stage II,1.2351417436050403,1.1197073368219292,1.3624766728114386,2.4588847308950232e-05,1.7740604602874903
5 years,Colorectal Cancer,8020,4622,stage_Stage III,1.733998255785774,1.5789769274629815,1.9042393202661914,1.0535182690222272e-30,2.8621612295100194
5 years,Colorectal Cancer,8020,4622,stage_Stage IV,2.713219729419435,2.457778570264292,2.9952093281207435,4.002994872871241e-87,4.86922102132337
5 years,Colorectal Cancer,8020,4622,stage_Recurrence,2.33524290331238,1.9653701379818957,2.7747238609570584,5.4187485074685585e-22,4.101061839148796
5 years,Colorectal Cancer,8020,4622,stage_Unknown,1.4289027599938435,1.238162953538382,1.649026157407746,1.0486257637338668e-06,2.211756729469748
5 years,Colorectal Cancer,8020,4622,kps_group_<90,1.4242438019700245,1.322624496041277,1.5336706778994398,7.704577490146499e-21,2.2015639454630422
5 years,Colorectal Cancer,8020,4622,kps_group_Not documented,1.061070822402057,0.9888187272111523,1.1386023132150482,0.09946252977250371,1.3156301823771337
5 years,Colorectal Cancer,8020,4622,concurrent_chemo_Yes,0.9201068286643532,0.8536636887334814,0.991721432372047,0.029454850337071712,1.3940270425630328
5 years,Colorectal Cancer,8020,4622,total_dose_group_Middle,0.9077796596139472,0.8468514807429255,0.9730914205710305,0.0063436373310233095,1.4361172417854158
5 years,Colorectal Cancer,8020,4622,total_dose_group_High,0.7582014853546364,0.7001585670277957,0.8210561428025133,9.619668256342518e-12,1.9674587198878277
5 years,Colorectal Cancer,8020,4622,fraction_dose_group_Middle,1.0528017291432072,0.987057221505383,1.1229252537117296,0.11781883350576482,1.2885765194489562
5 years,Lung Cancer,8777,6741,age_at_rt,1.0200452066259384,1.0181175326383343,1.0219765304151451,5.715313728645548e-94,1.1630382726627748
5 years,Lung Cancer,8777,6741,approval_to_rt_days,1.005999997266308,1.0006329854705716,1.011395795656164,0.028392876029053087,1.0836916778602028
5 years,Lung Cancer,8777,6741,timing_group_Night,1.228268887908911,1.1355496004413566,1.3285588409512232,2.8331507443729087e-07,1.7577739144158195
5 years,Lung Cancer,8777,6741,timing_group_Afternoon,1.0123515877175118,0.9502535830373945,1.0785076272780934,0.7038809930643353,1.1241735418976062
5 years,Lung Cancer,8777,6741,timing_group_Evening,1.0108123102711752,0.9455565335404444,1.0805715896965429,0.7521224414213569,1.1153552025430815
5 years,Lung Cancer,8777,6741,sex_Male,1.0255629852009234,0.9763534156258817,1.07725278549878,0.3143622398219467,1.1874779363737722
5 years,Lung Cancer,8777,6741,year_bin_2015-2019,0.9851581449784538,0.9187610447737423,1.0563536363869197,0.6744690545210033,1.1387279879403984
5 years,Lung Cancer,8777,6741,year_bin_2020-2025,0.9964362387178646,0.9344891133564979,1.0624898285480935,0.9131884589736171,1.0634872615824467
5 years,Lung Cancer,8777,6741,stage_Stage II,1.2491789370738209,1.1544046649471085,1.3517339839408709,3.263247007667743e-08,1.8070938766076714
5 years,Lung Cancer,8777,6741,stage_Stage III,1.8129680414592992,1.6811005317152403,1.9551793942978322,8.571748682836225e-54,3.027004728669973
5 years,Lung Cancer,8777,6741,stage_Stage IV,2.869504900329525,2.6456628664442685,3.112285574042777,9.419268568582088e-143,5.185655472439558
5 years,Lung Cancer,8777,6741,stage_Recurrence,2.428037018488957,2.0978991253789165,2.8101273754465863,1.2324517773862325e-32,4.290112941931335
5 years,Lung Cancer,8777,6741,stage_Unknown,1.471987028043775,1.3156662076363963,1.6468810995926693,1.4852618151308945e-11,2.3055089429838507
5 years,Lung Cancer,8777,6741,kps_group_<90,1.3985508877772916,1.3128110464569818,1.4898904080532835,2.703551639327495e-25,2.1451389254027005
5 years,Lung Cancer,8777,6741,kps_group_Not documented,1.1067082514619115,1.044221699962542,1.1729340176495253,0.0006279372698241267,1.4503576402173262
5 years,Lung Cancer,8777,6741,concurrent_chemo_Yes,0.9202601811680695,0.8772456310240442,0.965383891459103,0.0006679736579944744,1.3934998215455656
5 years,Lung Cancer,8777,6741,total_dose_group_Middle,0.8677287247641762,0.7681449984079654,0.9802226680397734,0.022540287306372295,1.5715639487516497
5 years,Lung Cancer,8777,6741,total_dose_group_High,0.8097134738919833,0.7252762045705146,0.9039810015419852,0.0001722836085014877,1.7737366177449196
5 years,Lung Cancer,8777,6741,fraction_dose_group_Middle,0.9574376128690606,0.8479072706352624,1.08111678515224,0.4828711646563081,1.259932261482976
5 years,Lung Cancer,8777,6741,fraction_dose_group_High,0.8686523212729991,0.7444165980407954,1.013621750561261,0.07375160220227539,1.568428667796904
5 years,Cervical Cancer,6288,3646,age_at_rt,1.0184367657528886,1.0158702566947488,1.0210097588759983,1.0463820196771698e-45,1.1554647923909287
5 years,Cervical Cancer,6288,3646,approval_to_rt_days,0.9898759689450886,0.9828519274119306,0.9969502084359282,0.005100108170166413,1.1118749001638766
5 years,Cervical Cancer,6288,3646,timing_group_Night,0.9805762088848227,0.8775518422516768,1.0956956103741735,0.7290920866706719,1.1619385126891983
5 years,Cervical Cancer,6288,3646,timing_group_Afternoon,1.0239250656159298,0.9414762571594794,1.1135942431089803,0.580948475785726,1.1804417560379301
5 years,Cervical Cancer,6288,3646,timing_group_Evening,0.9793093252043991,0.8947700738957505,1.0718359748630057,0.64990120898483,1.1680094381665167
5 years,Cervical Cancer,6288,3646,year_bin_2015-2019,0.9841175159057068,0.8950789478196147,1.0820132542181056,0.7407313326883301,1.144198441453319
5 years,Cervical Cancer,6288,3646,year_bin_2020-2025,0.9815581373102538,0.898912876577119,1.0718017307624121,0.6782962316878474,1.1571406488748632
5 years,Cervical Cancer,6288,3646,stage_Stage II,1.2227584149467783,1.0934817396318752,1.3673188011594064,0.0004195671387502963,1.744658526439753
5 years,Cervical Cancer,6288,3646,stage_Stage III,1.680900519961026,1.5112217629873848,1.869630670497983,1.117539520906157e-21,2.7507257571115717
5 years,Cervical Cancer,6288,3646,stage_Stage IV,2.9588253325213656,2.6480325765066923,3.306095032984593,8.175881521979407e-82,5.366276685269496
5 years,Cervical Cancer,6288,3646,stage_Recurrence,2.171516318408433,1.7800675692814103,2.6490472623001002,2.0750906713488046e-14,3.7664980746381653
5 years,Cervical Cancer,6288,3646,stage_Unknown,1.1885388830737853,1.004874367212652,1.4057724255586876,0.04372275964930354,1.6619158929765643
5 years,Cervical Cancer,6288,3646,kps_group_<90,1.3374929670462001,1.2306193456870245,1.45364807011006,7.709235570430846e-12,2.0093519327911307
5 years,Cervical Cancer,6288,3646,kps_group_Not documented,1.031681145556715,0.9512752207597707,1.1188833293135936,0.4512200839178331,1.212470637896565
5 years,Cervical Cancer,6288,3646,concurrent_chemo_Yes,0.979558180391202,0.9176279527203106,1.045668046539756,0.5353742702926817,1.1668269577170722
5 years,Cervical Cancer,6288,3646,total_dose_group_Middle,0.9018495106059075,0.8341312141071838,0.9750654645512445,0.009486831282671077,1.456218326416372
5 years,Cervical Cancer,6288,3646,total_dose_group_High,0.7762030173227754,0.7087558223128885,0.8500686768750155,4.7000727424707085e-08,1.8977919757612927
5 years,Cervical Cancer,6288,3646,fraction_dose_group_Middle,1.0089631573284394,0.9377167596761392,1.0856227558498195,0.811242201086404,1.1040604523358886
5 years,Esophageal Cancer,6187,4303,age_at_rt,1.0188265308585402,1.0164091883480835,1.021249622574022,1.9423056419608877e-53,1.157321906675597
5 years,Esophageal Cancer,6187,4303,approval_to_rt_days,1.0005093511051868,0.993855693039688,1.0072075540336496,0.8810976725430081,1.0230839063330346
5 years,Esophageal Cancer,6187,4303,timing_group_Night,0.9714531696633896,0.8779236903225376,1.074946799194285,0.5749795764881829,1.2033087226666144
5 years,Esophageal Cancer,6187,4303,timing_group_Afternoon,1.0025759223472899,0.9265564121039236,1.084832468848944,0.9490143114152464,1.053394794070589
5 years,Esophageal Cancer,6187,4303,timing_group_Evening,0.9866399738459772,0.9086628802332372,1.071308687927168,0.7488235413236619,1.1306916493590757
5 years,Esophageal Cancer,6187,4303,sex_Male,1.0183392628804073,0.9499265417226744,1.0916789970340273,0.6085274871790869,1.1549979305286908
5 years,Esophageal Cancer,6187,4303,year_bin_2015-2019,1.0362085749814895,0.9495084921109593,1.1308252846459992,0.4249751880641873,1.2299084352903698
5 years,Esophageal Cancer,6187,4303,year_bin_2020-2025,1.0601853337832412,0.9778960857824573,1.1493991624577642,0.15626502287636623,1.31278701268867
5 years,Esophageal Cancer,6187,4303,stage_Stage II,1.1425581651998091,1.0352828831586005,1.260949236291746,0.008066823756599001,1.5461433429070004
5 years,Esophageal Cancer,6187,4303,stage_Stage III,1.6993210308243927,1.5457648574847347,1.8681314637343498,5.167120796185928e-28,2.789445305839716
5 years,Esophageal Cancer,6187,4303,stage_Stage IV,2.814354997431891,2.5424846141619204,3.1152967484842486,1.1619325678317812e-88,5.074053883154935
5 years,Esophageal Cancer,6187,4303,stage_Recurrence,2.228548847691638,1.8648321102439362,2.66320487472627,1.198941170775335e-18,3.8832032281760007
5 years,Esophageal Cancer,6187,4303,stage_Unknown,1.315400976528439,1.1385290697834258,1.5197501539254585,0.0001985510420762123,1.9595117996975049
5 years,Esophageal Cancer,6187,4303,kps_group_<90,1.4299003354590123,1.3228572675337955,1.5456051227337426,2.1050916260605397e-19,2.2139377286277204
5 years,Esophageal Cancer,6187,4303,kps_group_Not documented,1.1134779873894127,1.035221004589204,1.1976507652998862,0.003840823594716078,1.4689428112628369
5 years,Esophageal Cancer,6187,4303,concurrent_chemo_Yes,0.9718458349370532,0.9152599972310494,1.031930085158164,0.350793401511315,1.2016227134165982
5 years,Esophageal Cancer,6187,4303,total_dose_group_Middle,0.8351355823133066,0.7765217478079087,0.8981737379727801,1.2195060226990628e-06,1.683600873223687
5 years,Esophageal Cancer,6187,4303,total_dose_group_High,0.7929706154719998,0.729725142208044,0.8616975908208069,4.502054158843048e-08,1.834878606783008
5 years,Esophageal Cancer,6187,4303,fraction_dose_group_Middle,0.9995965759215769,0.9346509097048747,1.0690550923549051,0.9906071770541632,1.0204971126553017
5 years,Nasopharyngeal Carcinoma,5590,2777,age_at_rt,1.019698008594708,1.0167044524354028,1.022700378897059,1.1625899772095127e-38,1.1614231656322123
5 years,Nasopharyngeal Carcinoma,5590,2777,approval_to_rt_days,1.00514954519252,0.9969516666494068,1.013414834438535,0.21896423620364286,1.077094406080633
5 years,Nasopharyngeal Carcinoma,5590,2777,timing_group_Night,0.8093069177742986,0.7125058355708309,0.9192594003564809,0.0011330288564464536,1.7752031509172403
5 years,Nasopharyngeal Carcinoma,5590,2777,timing_group_Afternoon,1.037258023003298,0.9407496349604354,1.1436668868119824,0.4628538034346408,1.233844348268847
5 years,Nasopharyngeal Carcinoma,5590,2777,timing_group_Evening,0.9654944502620314,0.8699416156677157,1.0715426376875838,0.5089916557411279,1.228134138606315
5 years,Nasopharyngeal Carcinoma,5590,2777,sex_Male,1.0353130617764492,0.9554100396962135,1.1218985475866923,0.3970748166418925,1.226519950011357
5 years,Nasopharyngeal Carcinoma,5590,2777,year_bin_2015-2019,1.0394487373377181,0.9321774581408163,1.1590643692542082,0.4863029881811375,1.241945503275494
5 years,Nasopharyngeal Carcinoma,5590,2777,year_bin_2020-2025,1.0491659106520963,0.9493135306491066,1.1595211408414137,0.34691774481886717,1.27628525686097
5 years,Nasopharyngeal Carcinoma,5590,2777,stage_Stage II,1.2407864521836067,1.0891778344558452,1.4134983023149235,0.0011758541181245954,1.78738005600529
5 years,Nasopharyngeal Carcinoma,5590,2777,stage_Stage III,1.6680007649944746,1.4737814592740321,1.8878148686933849,5.483271643474115e-16,2.723569704963664
5 years,Nasopharyngeal Carcinoma,5590,2777,stage_Stage IV,3.0386454735339083,2.6744724480904485,3.452406593465062,2.772061911169354e-65,5.527565086597818
5 years,Nasopharyngeal Carcinoma,5590,2777,stage_Recurrence,2.186518616203897,1.746288232310913,2.7377288414064105,9.092415961792463e-12,3.7972156835639606
5 years,Nasopharyngeal Carcinoma,5590,2777,stage_Unknown,1.4023882544806456,1.1631821835382523,1.6907865716467931,0.0003939033370233081,2.1535903323695624
5 years,Nasopharyngeal Carcinoma,5590,2777,kps_group_<90,1.4063316755537811,1.2786367802887366,1.5467792043486295,2.2049341873730225e-12,2.162266266713707
5 years,Nasopharyngeal Carcinoma,5590,2777,kps_group_Not documented,1.0785810310127755,0.9837049908861889,1.182607642777707,0.10734470551259036,1.3697098846975422
5 years,Nasopharyngeal Carcinoma,5590,2777,concurrent_chemo_Yes,0.9348892655093511,0.8675077419802871,1.007504482633741,0.07772022750949378,1.3425847293106652
5 years,Nasopharyngeal Carcinoma,5590,2777,total_dose_group_Middle,0.8395642066031248,0.7676004531037355,0.9182746755282032,0.0001309414105197007,1.6681801824157383
5 years,Nasopharyngeal Carcinoma,5590,2777,total_dose_group_High,0.8366524677868227,0.7555285076782284,0.9264870150364962,0.000609657208174825,1.6783106590523205
5 years,Nasopharyngeal Carcinoma,5590,2777,fraction_dose_group_Middle,0.967602830530461,0.889056353185736,1.0530887432452367,0.4458000756794135,1.2195005016642604
5 years,Lymphoma,4901,3271,age_at_rt,1.016622331823729,1.0138795184156686,1.0193725652706154,5.754313487654929e-33,1.1466170768674702
5 years,Lymphoma,4901,3271,approval_to_rt_days,1.005786107632074,0.9981164997353914,1.0135146494160379,0.1396099895439045,1.082072323120876
5 years,Lymphoma,4901,3271,timing_group_Night,1.0053485524604913,0.8979722861346312,1.1255644829364688,0.9262506685312161,1.0786776699644807
5 years,Lymphoma,4901,3271,timing_group_Afternoon,1.0313735934729518,0.9428138546268846,1.1282518644513104,0.5000570241393913,1.2112565994528326
5 years,Lymphoma,4901,3271,timing_group_Evening,0.99829081374136,0.9081710719757691,1.0973533286325337,0.9717308686934306,1.0431252011781686
5 years,Lymphoma,4901,3271,sex_Male,1.0408994014325823,0.9714880485924283,1.1152700905302242,0.25493655760110706,1.2472296281811754
5 years,Lymphoma,4901,3271,year_bin_2015-2019,0.9952427361374858,0.9002025590479553,1.1003169163193451,0.9258070179592477,1.074082615639214
5 years,Lymphoma,4901,3271,year_bin_2020-2025,1.0078014374452695,0.9189829721821114,1.1052040876286018,0.8688715454661607,1.096471048200488
5 years,Lymphoma,4901,3271,stage_Stage II,1.2025893129140588,1.0701191649183666,1.3514579524846024,0.0019477491782541633,1.6961799759345917
5 years,Lymphoma,4901,3271,stage_Stage III,1.6917365297519842,1.5133259002187773,1.8911805353252322,2.323723014150619e-20,2.773510977751798
5 years,Lymphoma,4901,3271,stage_Stage IV,2.7799240557198295,2.4711640856626897,3.1272620868870304,5.773058752709855e-65,5.004346160413531
5 years,Lymphoma,4901,3271,stage_Recurrence,2.511707246660496,2.033976677322907,3.10164485328821,1.1687278571819615e-17,4.4602877675182695
5 years,Lymphoma,4901,3271,stage_Unknown,1.2587103444351362,1.0593740224795682,1.4955546365765036,0.008905674557124758,1.8293603131137326
5 years,Lymphoma,4901,3271,kps_group_<90,1.3758386380571697,1.2581889520805987,1.5044894130096824,2.638017315076127e-12,2.0949306487997714
5 years,Lymphoma,4901,3271,kps_group_Not documented,1.0259195840812996,0.9432107814026924,1.11588100322211,0.5507180430710417,1.1889883086125448
5 years,Lymphoma,4901,3271,concurrent_chemo_Yes,0.9843057937779434,0.8997949229285551,1.0767541258306876,0.729814246059163,1.1432184247520276
5 years,Lymphoma,4901,3271,total_dose_group_Middle,0.8677593723864127,0.7990854970570713,0.9423351207570226,0.0007464656004624739,1.5714598861843516
5 years,Lymphoma,4901,3271,total_dose_group_High,0.7830028285364182,0.7122721213320904,0.8607573020679583,4.104653370323985e-07,1.8720616305857964
5 years,Lymphoma,4901,3271,fraction_dose_group_Middle,1.019878249077504,0.9433389743501078,1.1026276568907634,0.6209429902404202,1.1622629177180965
5 years,Gastric Cancer,3862,2256,age_at_rt,1.0161922810735484,1.0128832809440942,1.0195120914138753,4.802628566510544e-22,1.144467263201449
5 years,Gastric Cancer,3862,2256,approval_to_rt_days,1.0019609698926921,0.9932009902706278,1.010798212066577,0.6619256711277111,1.046287206994573
5 years,Gastric Cancer,3862,2256,timing_group_Night,1.007104439845355,0.8741927701089229,1.1602239087722623,0.9219047180730613,1.0916911581341697
5 years,Gastric Cancer,3862,2256,timing_group_Afternoon,1.0128186561384118,0.9078199166657203,1.129961583118408,0.8195705936163169,1.1267615106033
5 years,Gastric Cancer,3862,2256,timing_group_Evening,0.9924236202421198,0.883381680457917,1.1149253644290336,0.8980965842485775,1.0953411223761933
5 years,Gastric Cancer,3862,2256,sex_Male,0.9614058432604533,0.8849077307047133,1.044517030853893,0.3521700263510712,1.2444837569503082
5 years,Gastric Cancer,3862,2256,year_bin_2015-2019,1.1086038007325714,0.982275301141077,1.2511791608432086,0.09487035886593544,1.4555887950279032
5 years,Gastric Cancer,3862,2256,year_bin_2020-2025,1.042800855961372,0.9307824813367758,1.16830048587938,0.46978322105834625,1.2540655459414962
5 years,Gastric Cancer,3862,2256,stage_Stage II,1.1989589712868425,1.0412486361254596,1.3805565404418927,0.011679024069225696,1.687368270484105
5 years,Gastric Cancer,3862,2256,stage_Stage III,1.7563106344375607,1.5371756047579064,2.0066848804332102,1.199781999739273e-16,2.908836734012276
5 years,Gastric Cancer,3862,2256,stage_Stage IV,2.828659920815879,2.4618433332133547,3.2501324676848,9.596137052399947e-49,5.103007525474019
5 years,Gastric Cancer,3862,2256,stage_Recurrence,2.158661085503831,1.7010482367486208,2.7393800959903065,2.44576421890256e-10,3.7401656212433743
5 years,Gastric Cancer,3862,2256,stage_Unknown,1.4217866395574073,1.165429683794746,1.7345338603714207,0.0005222297266612864,2.196183571929003
5 years,Gastric Cancer,3862,2256,kps_group_<90,1.5810179401890463,1.4230522183763112,1.756518625895299,1.476872813952059e-17,2.539454055436468
5 years,Gastric Cancer,3862,2256,kps_group_Not documented,1.1979616625243419,1.0835491913982618,1.3244550005396156,0.0004207249739339801,1.6849426501960818
5 years,Gastric Cancer,3862,2256,concurrent_chemo_Yes,1.0068814820083822,0.905550368836362,1.1195515497543762,0.899161757165281,1.090121116816651
5 years,Gastric Cancer,3862,2256,total_dose_group_Middle,0.9097977942270832,0.8241584894994549,1.0043359826132245,0.06090483248882701,1.4292591483430646
5 years,Gastric Cancer,3862,2256,total_dose_group_High,0.7650962861087889,0.6809167294047846,0.8596826920806572,6.7244286810325215e-06,1.9404991123136055
5 years,Gastric Cancer,3862,2256,fraction_dose_group_Middle,0.99125606831719,0.9026135810886603,1.0886038206854078,0.854211610260184,1.1031549036367236
5 years,Other Head and Neck Cancer,3920,2287,age_at_rt,1.0186649048351055,1.0153934299363707,1.0219469200305347,1.891098331521499e-29,1.1565535682835888
5 years,Other Head and Neck Cancer,3920,2287,approval_to_rt_days,1.0005246869204543,0.9916553531651361,1.009473347713147,0.9080789248110117,1.023436740883789
5 years,Other Head and Neck Cancer,3920,2287,timing_group_Night,0.8513094970953126,0.7387309892110095,0.9810443455454719,0.02612110429987902,1.6276149626538787
5 years,Other Head and Neck Cancer,3920,2287,timing_group_Afternoon,0.9192745422903503,0.8260989513209738,1.0229593957864618,0.12267132704619205,1.3968865657754304
5 years,Other Head and Neck Cancer,3920,2287,timing_group_Evening,0.9277535532943172,0.8274053411000509,1.0402720563851804,0.19915807280695974,1.367590549041799
5 years,Other Head and Neck Cancer,3920,2287,sex_Male,1.0077749512156924,0.9281473875006792,1.0942339179907978,0.853682550772659,1.09629275214917
5 years,Other Head and Neck Cancer,3920,2287,year_bin_2015-2019,0.8932052183647883,0.7918180629548203,1.0075743399145103,0.06617830556109991,1.485430986543453
5 years,Other Head and Neck Cancer,3920,2287,year_bin_2020-2025,0.9315984274740027,0.8358841675313098,1.0382726025726843,0.20021099882759838,1.3541638819287085
5 years,Other Head and Neck Cancer,3920,2287,stage_Stage II,1.2721331216671787,1.104185930957398,1.4656251577481105,0.0008625346565265658,1.8605118751716727
5 years,Other Head and Neck Cancer,3920,2287,stage_Stage III,1.6836264145760749,1.4720755134064363,1.9255791418600032,2.870642021034113e-14,2.7564598076442692
5 years,Other Head and Neck Cancer,3920,2287,stage_Stage IV,2.772839686214637,2.40990241291459,3.190436211957676,4.55611479336458e-46,4.990000086193008
5 years,Other Head and Neck Cancer,3920,2287,stage_Recurrence,1.9815357191126863,1.5355184953039493,2.5571061619431683,1.470231998962195e-07,3.376149675376836
5 years,Other Head and Neck Cancer,3920,2287,stage_Unknown,1.4623951464306928,1.1844098272034183,1.8056246370005422,0.0004103669986961007,2.2847116413846456
5 years,Other Head and Neck Cancer,3920,2287,kps_group_<90,1.4298095070147945,1.2858407280267896,1.5898977080054792,4.028753309735961e-11,2.213739171803094
5 years,Other Head and Neck Cancer,3920,2287,kps_group_Not documented,1.1030553253107689,0.9986663950663494,1.2183558560770524,0.053155516943203356,1.4402136343966896
5 years,Other Head and Neck Cancer,3920,2287,concurrent_chemo_Yes,1.0095229153919576,0.908554216241433,1.1217123848893782,0.8600730364667638,1.1075718894279973
5 years,Other Head and Neck Cancer,3920,2287,total_dose_group_Middle,0.8799369009653304,0.7966278860028596,0.9719581291153674,0.011720815580566977,1.53022475097807
5 years,Other Head and Neck Cancer,3920,2287,total_dose_group_High,0.8645974334458283,0.7723637673811603,0.967845403281598,0.011477774990303074,1.58220557267442
5 years,Other Head and Neck Cancer,3920,2287,fraction_dose_group_Middle,0.9232655852604869,0.8421915724935565,1.012144230323453,0.0886525425537813,1.3831445622066787
5 years,Pancreatic Cancer,2764,2366,age_at_rt,1.0176845106369177,1.014470838882474,1.020908362759046,1.7277049135533875e-27,1.1518383497671674
5 years,Pancreatic Cancer,2764,2366,approval_to_rt_days,0.9996446752685659,0.9910752196357578,1.0082882277694902,0.9355175660496191,1.0192122104941077
5 years,Pancreatic Cancer,2764,2366,timing_group_Night,0.8782910747677981,0.7639458754805494,1.0097511312978011,0.06821157479055201,1.5357870545853163
5 years,Pancreatic Cancer,2764,2366,timing_group_Afternoon,0.9696389260812416,0.8733399992411872,1.0765562642142672,0.563454243775904,1.211011916092066
5 years,Pancreatic Cancer,2764,2366,timing_group_Evening,0.96033843364268,0.8588452735971349,1.0738254438643893,0.4776266795516353,1.2486765879896669
5 years,Pancreatic Cancer,2764,2366,sex_Male,1.0505711787308654,0.9689510384102458,1.139066637867271,0.23186005136691076,1.281067649092332
5 years,Pancreatic Cancer,2764,2366,year_bin_2015-2019,1.1278645351809755,1.0041587555072073,1.2668100564202742,0.04235863026153944,1.507619554289377
5 years,Pancreatic Cancer,2764,2366,year_bin_2020-2025,1.0630154573767072,0.9550595576119669,1.1831742362196438,0.2633887101712179,1.3218327775952405
5 years,Pancreatic Cancer,2764,2366,stage_Stage II,1.3666778691146162,1.1985797037613695,1.5583514321710374,3.0863482676780277e-06,2.074583603526375
5 years,Pancreatic Cancer,2764,2366,stage_Stage III,1.9726866057096326,1.7349206046733345,2.2430377700649387,3.4723558501429452e-25,3.3578962788770412
5 years,Pancreatic Cancer,2764,2366,stage_Stage IV,3.0353586130454935,2.636485568322772,3.494577031062857,7.91260217252696e-54,5.520925610079363
5 years,Pancreatic Cancer,2764,2366,stage_Recurrence,2.8437702056048386,2.2212641154208925,3.6407327368872697,1.119502231155776e-16,5.133586525024574
5 years,Pancreatic Cancer,2764,2366,stage_Unknown,1.3921990078470814,1.1421796259924368,1.6969468140935235,0.0010519401316385116,2.1311300395430823
5 years,Pancreatic Cancer,2764,2366,kps_group_<90,1.5106326185932262,1.3607106369449251,1.6770728811831817,1.028771343815725e-14,2.3889140596840654
5 years,Pancreatic Cancer,2764,2366,kps_group_Not documented,1.0622101738013383,0.9603154260503447,1.1749165146368465,0.2408123212709369,1.3192710217065202
5 years,Pancreatic Cancer,2764,2366,concurrent_chemo_Yes,0.9564664086742986,0.8605775348812706,1.063039591253709,0.40892772040296543,1.2636586488390797
5 years,Pancreatic Cancer,2764,2366,total_dose_group_Middle,0.9807873637649511,0.7946490767882588,1.2105266098198977,0.8566281236007522,1.1609138700773807
5 years,Pancreatic Cancer,2764,2366,total_dose_group_High,0.8144510870682248,0.6731942095432143,0.9853480077862016,0.03469998727974687,1.7567094105066086
5 years,Pancreatic Cancer,2764,2366,fraction_dose_group_Middle,0.8799048040159797,0.7165612538681371,1.0804832942765774,0.2220334742501865,1.5303332038826627
5 years,Pancreatic Cancer,2764,2366,fraction_dose_group_High,0.8232826610412738,0.6296392713111837,1.0764804084721993,0.15522852554997021,1.7252611793436523
5 years,Prostate Cancer,2821,1351,age_at_rt,1.0212996827020613,1.0167280009196804,1.0258919208911708,3.339257968463325e-20,1.168789883004555
5 years,Prostate Cancer,2821,1351,approval_to_rt_days,1.0024473175733972,0.9906054796599584,1.0144307144909477,0.6868341558063601,1.0519781860969986
5 years,Prostate Cancer,2821,1351,timing_group_Night,0.9360285753966895,0.7786760629094618,1.125178409472987,0.48143286199518376,1.3385549996594248
5 years,Prostate Cancer,2821,1351,timing_group_Afternoon,1.0748419495292902,0.936463787972754,1.2336677950664527,0.3046987676984276,1.358467172206391
5 years,Prostate Cancer,2821,1351,timing_group_Evening,0.9926707474225913,0.8548467224848426,1.1527156703884984,0.9231582432376292,1.093626519044271
5 years,Prostate Cancer,2821,1351,year_bin_2015-2019,1.0386022698769153,0.8869680402142037,1.2161595751893999,0.6380885857555298,1.2388331494049378
5 years,Prostate Cancer,2821,1351,year_bin_2020-2025,1.0486547968243345,0.907539016839739,1.2117130641192877,0.5194003740168491,1.2745354867434857
5 years,Prostate Cancer,2821,1351,stage_Stage II,1.2412733061329169,1.0279353041507249,1.4988875411678848,0.0246839276797093,1.7885265513359263
5 years,Prostate Cancer,2821,1351,stage_Stage III,1.6338515996310676,1.3647822873201685,1.955968416661286,8.926554415817419e-08,2.6515054946198946
5 years,Prostate Cancer,2821,1351,stage_Stage IV,2.617621107407687,2.1702552869109146,3.15720473221338,8.056035268664892e-24,4.675367242026473
5 years,Prostate Cancer,2821,1351,stage_Recurrence,2.3047011043825987,1.69317934025297,3.137084805056021,1.1125059028565624e-07,4.038755912097676
5 years,Prostate Cancer,2821,1351,stage_Unknown,1.1451296607815988,0.8764084360739222,1.4962452277115845,0.32063467307580673,1.5527965336326814
5 years,Prostate Cancer,2821,1351,kps_group_<90,1.3529185608473742,1.1789031678807518,1.552619996412188,1.6854923043708963e-05,2.0439106530148288
5 years,Prostate Cancer,2821,1351,kps_group_Not documented,1.2441758757793708,1.0937447677157976,1.4152969280979413,0.0008910882781057919,1.7953543714520463
5 years,Prostate Cancer,2821,1351,concurrent_chemo_Yes,0.894957738727289,0.7748111834360006,1.0337348908103634,0.13133193399548598,1.4795137039684287
5 years,Prostate Cancer,2821,1351,total_dose_group_Middle,0.9342580238826954,0.823032565792348,1.0605146035125625,0.2930368932681195,1.34481262069214
5 years,Prostate Cancer,2821,1351,total_dose_group_High,0.8225821656673549,0.7092624844608357,0.9540070624042131,0.00980693809803141,1.7277422535795608
5 years,Prostate Cancer,2821,1351,fraction_dose_group_Middle,0.9505499239026282,0.8410472645700088,1.0743096088579942,0.4167175398727292,1.285964787270957
5 years,Soft Tissue Sarcoma,1922,1139,age_at_rt,1.0183885673091102,1.0138547136644889,1.0229426958793137,1.2037607166761576e-15,1.1552341252084877
5 years,Soft Tissue Sarcoma,1922,1139,approval_to_rt_days,0.9906146853090175,0.977812268875594,1.0035847227385688,0.1553737443559283,1.1072699104044958
5 years,Soft Tissue Sarcoma,1922,1139,timing_group_Night,1.0201224761432361,0.8310920205334259,1.2521475848903947,0.848889892441378,1.1633963055377605
5 years,Soft Tissue Sarcoma,1922,1139,timing_group_Afternoon,1.10760556059353,0.9501054685881086,1.2912146266043099,0.19157160638304302,1.4528366676279019
5 years,Soft Tissue Sarcoma,1922,1139,timing_group_Evening,1.1227663432441368,0.9527269834501081,1.3231537296831748,0.1669722474319361,1.4940316369057907
5 years,Soft Tissue Sarcoma,1922,1139,sex_Male,0.9439960714913497,0.8397883441517279,1.0611347361473948,0.3341978713104933,1.310017625088442
5 years,Soft Tissue Sarcoma,1922,1139,year_bin_2015-2019,1.0643404939515855,0.9017099369742567,1.256302765018155,0.4610982524904431,1.3260276986703479
5 years,Soft Tissue Sarcoma,1922,1139,year_bin_2020-2025,0.9453380092054304,0.8089536016633561,1.1047159562809912,0.47947219463251767,1.3051406241174093
5 years,Soft Tissue Sarcoma,1922,1139,stage_Stage II,1.236455482195771,1.0142642399908515,1.5073213657476145,0.035719607207694966,1.7771649025466703
5 years,Soft Tissue Sarcoma,1922,1139,stage_Stage III,1.8216776332214386,1.516818799954893,2.1878087214359074,1.3760893004143665e-10,3.0451283948615724
5 years,Soft Tissue Sarcoma,1922,1139,stage_Stage IV,2.6654899572956086,2.190619072837191,3.24330085524266,1.2004213527988265e-22,4.772465694020675
5 years,Soft Tissue Sarcoma,1922,1139,stage_Recurrence,2.4345222556566712,1.7599699846511296,3.367613462148054,7.666142107282092e-08,4.303312334191705
5 years,Soft Tissue Sarcoma,1922,1139,stage_Unknown,1.3504116634608339,1.026483419452484,1.7765622183977923,0.0318128444909028,2.0383070024116243
5 years,Soft Tissue Sarcoma,1922,1139,kps_group_<90,1.4803328799094846,1.276321737231811,1.7169537832161044,2.16225428028983e-07,2.3235722026593333
5 years,Soft Tissue Sarcoma,1922,1139,kps_group_Not documented,1.252958476904169,1.0846759272581752,1.447349300739432,0.0021800779997700618,1.8159384658396962
5 years,Soft Tissue Sarcoma,1922,1139,concurrent_chemo_Yes,1.052946952608272,0.9056557561157792,1.224192832122088,0.5021870826402312,1.2890620355631195
5 years,Soft Tissue Sarcoma,1922,1139,total_dose_group_Middle,0.9418539227158071,0.8174055709980881,1.085249285311304,0.40738300426603014,1.3177574009939481
5 years,Soft Tissue Sarcoma,1922,1139,total_dose_group_High,0.8156490983149842,0.6952489252143242,0.9568996476721773,0.012397796279076154,1.7524215275980333
5 years,Soft Tissue Sarcoma,1922,1139,fraction_dose_group_Middle,1.0630750362316865,0.9299837114802173,1.2152132544990732,0.37009684304832113,1.3220219350880256
5 years,Liver Cancer,2048,1600,age_at_rt,1.0162984162503428,1.0123953865465711,1.020216493080041,1.7959594392853216e-16,1.1449998328028121
5 years,Liver Cancer,2048,1600,approval_to_rt_days,0.998065285647769,0.9866605161928609,1.0096018823767852,0.7411985419508895,1.0460091167908057
5 years,Liver Cancer,2048,1600,timing_group_Night,1.0082337509969188,0.8516725592543024,1.1935752603551808,0.9241254838771703,1.0993465692630555
5 years,Liver Cancer,2048,1600,timing_group_Afternoon,0.9928143513288598,0.8734323181359467,1.1285136990444256,0.9121492513956356,1.0926193845727612
5 years,Liver Cancer,2048,1600,timing_group_Evening,0.97158380621011,0.8453721886143798,1.1166384525104396,0.6847096990308946,1.2027485713319708
5 years,Liver Cancer,2048,1600,sex_Male,0.9326991540097572,0.844763919881323,1.0297879578151596,0.1678960295972835,1.3503004270222865
5 years,Liver Cancer,2048,1600,year_bin_2015-2019,0.9054659651634607,0.7844363213513723,1.0451691128439653,0.17494249279252028,1.4439679965497763
5 years,Liver Cancer,2048,1600,year_bin_2020-2025,0.9097757202217267,0.7976687580337644,1.0376385595760371,0.1587485131638814,1.429334217367669
5 years,Liver Cancer,2048,1600,stage_Stage II,1.3120498987854092,1.1139448050597893,1.5453862068241386,0.0011457016188729033,1.9519131952147273
5 years,Liver Cancer,2048,1600,stage_Stage III,1.5523788077096472,1.3239002443230974,1.8202881772698694,6.157522466785366e-08,2.478392390178273
5 years,Liver Cancer,2048,1600,stage_Stage IV,2.7408258827445913,2.311483389739439,3.2499158561418295,4.1599511066675884e-31,4.92515658956947
5 years,Liver Cancer,2048,1600,stage_Recurrence,2.2210606811216067,1.670221840985566,2.95356606420225,4.082435769775597e-08,3.867890929842697
5 years,Liver Cancer,2048,1600,stage_Unknown,1.4235528405837572,1.1296135114196817,1.7939787984539994,0.002764419253578846,2.2000512947678765
5 years,Liver Cancer,2048,1600,kps_group_<90,1.2518281536066365,1.096158430409914,1.4296051398119392,0.0009162333321062971,1.81329549242125
5 years,Liver Cancer,2048,1600,kps_group_Not documented,1.0521322382615783,0.9350784078641885,1.1838389566900334,0.398392067412795,1.2863330250402316
5 years,Liver Cancer,2048,1600,concurrent_chemo_Yes,1.0145857208686433,0.8919765995308574,1.1540484195795697,0.8255933570746391,1.136234658890729
5 years,Liver Cancer,2048,1600,total_dose_group_Middle,1.0057687109796396,0.7949842223977942,1.272441227744865,0.9617667618940777,1.0819394993831097
5 years,Liver Cancer,2048,1600,total_dose_group_High,0.9385673687491406,0.7618986221179826,1.1562019934251484,0.5512634507898682,1.329532765761809
5 years,Liver Cancer,2048,1600,fraction_dose_group_Middle,0.9498951804415696,0.7453757049161072,1.210531612279578,0.6777584165335208,1.2883959029329093
5 years,Liver Cancer,2048,1600,fraction_dose_group_High,0.8217354980671631,0.5986211551542173,1.1280076271439659,0.22447026349106328,1.7307440338525915
5 years,Other,4687,2783,age_at_rt,1.0193885604814297,1.0164307792471539,1.0223549487650083,2.2686109393866912e-38,1.1599747502689466
5 years,Other,4687,2783,approval_to_rt_days,0.9931248237917487,0.9844582473961023,1.0018676954966377,0.12290180992123062,1.0904134670536554
5 years,Other,4687,2783,timing_group_Night,0.9545476246912294,0.8438275968691152,1.0797954122197273,0.45960029817916526,1.2709639576593437
5 years,Other,4687,2783,timing_group_Afternoon,0.9160296649901998,0.8310475720066065,1.0097019417504383,0.07746331712280909,1.4080071887718897
5 years,Other,4687,2783,timing_group_Evening,0.9660372138383482,0.8714892798494578,1.0708426599140328,0.5108546281644686,1.2259258073771906
5 years,Other,4687,2783,sex_Male,1.0107754838560183,0.9381760501922088,1.0889929225490824,0.778071359940484,1.1151382880936855
5 years,Other,4687,2783,year_bin_2015-2019,0.928398603808003,0.833345353558392,1.034293842129468,0.17762199684603863,1.3653449788705778
5 years,Other,4687,2783,year_bin_2020-2025,0.9487533056793679,0.859159941304139,1.04768948337046,0.29859609447631397,1.2926198201050692
5 years,Other,4687,2783,stage_Stage II,1.3570057803142563,1.1918411267494264,1.5450588559807725,4.019685014238154e-06,2.0530366039794496
5 years,Other,4687,2783,stage_Stage III,1.789305820163776,1.581478686451446,2.0244441771490527,2.5557380393891146e-20,2.9777121050294304
5 years,Other,4687,2783,stage_Stage IV,3.1702955184055543,2.787008246700773,3.606294917110607,5.923249445471902e-69,5.7933620741026814
5 years,Other,4687,2783,stage_Recurrence,2.1820383286026477,1.7363878787077276,2.742066634924066,2.170223518485049e-11,3.7880436022205113
5 years,Other,4687,2783,stage_Unknown,1.7196932902779893,1.432942182675867,2.0638271720807393,5.708926837472902e-09,2.832191255376869
5 years,Other,4687,2783,kps_group_<90,1.4719830163134997,1.3366403356973229,1.6210299378590933,3.95881514600176e-15,2.305500253089014
5 years,Other,4687,2783,kps_group_Not documented,1.1371030922496743,1.0402422843056323,1.2429829684022684,0.0046763787031556875,1.5319452761081078
5 years,Other,4687,2783,concurrent_chemo_Yes,0.9956048670940166,0.9041226275464341,1.096343594531248,0.928628571484007,1.0710029990781902
5 years,Other,4687,2783,total_dose_group_Middle,0.927494211390469,0.8468893105921167,1.015770894027902,0.10466836422264296,1.368492626403965
5 years,Other,4687,2783,total_dose_group_High,0.8975342215422151,0.8093222057383292,0.9953608996857882,0.040554377939714684,1.4708105057786307
5 years,Other,4687,2783,fraction_dose_group_Middle,1.003255600278873,0.9216972128698268,1.0920308594152983,0.9401083635785523,1.0604062714214664
10 years,Overall,80000,52676,age_at_rt,1.0216326481729632,1.0209741353550996,1.0222915857215977,0.0,1.1702954197061832
10 years,Overall,80000,52676,approval_to_rt_days,1.0006263147896095,0.9987248878576322,1.0025313617619218,0.518807450081284,1.0256604327054697
10 years,Overall,80000,52676,timing_group_Night,0.9581578297633684,0.9308567317218245,0.9862596417374369,0.0037549241483355623,1.2571557109614682
10 years,Overall,80000,52676,timing_group_Afternoon,0.9922309390439132,0.9703560934956115,1.0145989116730565,0.4928914161157799,1.096662313139733
10 years,Overall,80000,52676,timing_group_Evening,0.9872906345753569,0.9641571491188267,1.0109791728568926,0.2903593882556829,1.1270600392855248
10 years,Overall,80000,52676,sex_Male,1.2576257378765394,1.235984310932173,1.279646094679518,1.0375206272000705e-147,1.8268328695017244
10 years,Overall,80000,52676,year_bin_2015-2019,1.0027216282783606,0.9781591458197173,1.0279008974297519,0.8299286047288557,1.0549617999745393
10 years,Overall,80000,52676,year_bin_2020-2025,1.0012288868688246,0.9785785902047315,1.0244034499986945,0.9162214039946505,1.0363059025879673
10 years,Overall,80000,52676,stage_Stage II,1.2356687820580543,1.2010751613806077,1.27125877551054,2.555989592057281e-48,1.7753062130196038
10 years,Overall,80000,52676,stage_Stage III,1.6615155688159386,1.616823190247292,1.7074433383130252,1.2863205417867412e-291,2.7099040543506727
10 years,Overall,80000,52676,stage_Stage IV,2.674510823076725,2.597958472718337,2.753318891687323,0.0,4.790756867296966
10 years,Overall,80000,52676,stage_Recurrence,2.165929991928555,2.0575213679904314,2.2800505515612457,2.882119003364654e-191,3.7550563991117833
10 years,Overall,80000,52676,stage_Unknown,1.3619884932130262,1.3066719520622512,1.419646800191143,2.6423930652740747e-48,2.0641452865517103
10 years,Overall,80000,52676,kps_group_<90,1.3908889874133303,1.3602840294278729,1.4221825247197446,1.0043286314776438e-185,2.1282377433588118
10 years,Overall,80000,52676,kps_group_Not documented,1.102718884485667,1.080007395467816,1.125907973689936,3.299249234279829e-20,1.4392750517380988
10 years,Overall,80000,52676,concurrent_chemo_Yes,1.04922470764958,1.0295706566514558,1.0692539458367922,6.342403183239545e-07,1.2764861858916405
10 years,Overall,80000,52676,total_dose_group_Middle,0.8994825140083998,0.8794035542908246,0.9200199260728786,3.67894792104925e-20,1.4642251593454676
10 years,Overall,80000,52676,total_dose_group_High,0.9345171597855145,0.9123532854934248,0.9572194629202974,3.1991158501595854e-08,1.343898437904079
10 years,Overall,80000,52676,fraction_dose_group_Middle,1.2034353769646897,1.1806378093329808,1.2266731550367336,2.6357848649085265e-80,1.6982296064838456
10 years,Overall,80000,52676,fraction_dose_group_High,1.675759883005817,1.5555455095680697,1.8052645636008537,4.4101225921485254e-42,2.739908041151971
10 years,Breast Cancer,18213,8444,age_at_rt,1.018999757089343,1.0173006158473492,1.0207017363134583,2.8471618125002823e-108,1.1581426615393975
10 years,Breast Cancer,18213,8444,approval_to_rt_days,0.9980632052111064,0.9932706123900255,1.002878922592264,0.4298801798496845,1.046034985874858
10 years,Breast Cancer,18213,8444,timing_group_Night,0.8946531361141793,0.8310942662611479,0.9630727421086934,0.0030695214089766147,1.4805423048930317
10 years,Breast Cancer,18213,8444,timing_group_Afternoon,0.9732622322674105,0.9208679759833244,1.0286375435595516,0.3371006847163136,1.1954813762974155
10 years,Breast Cancer,18213,8444,timing_group_Evening,0.9696132209794607,0.9141138175924879,1.0284822088941263,0.30484386230912147,1.2111200780384244
10 years,Breast Cancer,18213,8444,sex_Male,0.9279467855670852,0.7934505323739504,1.0852412364863846,0.3492535043326507,1.3669181443964484
10 years,Breast Cancer,18213,8444,year_bin_2015-2019,0.9682639336468414,0.9106994880219275,1.0294669729502266,0.30240177858235895,1.2167614147603638
10 years,Breast Cancer,18213,8444,year_bin_2020-2025,0.9492973693477146,0.8970734139470443,1.0045615904337664,0.07149516635793629,1.2906097562647922
10 years,Breast Cancer,18213,8444,stage_Stage II,1.295112261875158,1.201290550961701,1.3962615201764486,1.5857225391235015e-11,1.9133383604703482
10 years,Breast Cancer,18213,8444,stage_Stage III,1.7275428596801128,1.6078775878338771,1.8561141436471622,2.209951891750809e-50,2.8486411927230395
10 years,Breast Cancer,18213,8444,stage_Stage IV,2.9779320029471474,2.765697640261518,3.2064528258910707,5.426606759746768e-184,5.4048945101214265
10 years,Breast Cancer,18213,8444,stage_Recurrence,2.427508438912836,2.14735202216054,2.744215741145248,1.3168250199674683e-45,4.289037053272604
10 years,Breast Cancer,18213,8444,stage_Unknown,1.3905481073498374,1.2472215156976765,1.5503453191894105,2.843075221268088e-09,2.1274849645529343
10 years,Breast Cancer,18213,8444,kps_group_<90,1.4619011598911207,1.3840615499588904,1.544118468831449,3.8641913805268914e-42,2.2836394645842164
10 years,Breast Cancer,18213,8444,kps_group_Not documented,1.1407803580638765,1.0828485638952055,1.2018114709069232,7.29752857237497e-07,1.5415289915992507
10 years,Breast Cancer,18213,8444,concurrent_chemo_Yes,0.906796470415212,0.856869618480805,0.9596323886653318,0.000709163191460172,1.4394547991202002
10 years,Breast Cancer,18213,8444,total_dose_group_Middle,0.9389411204345818,0.8920338098194536,0.9883150368721838,0.01597541230483199,1.3281993119798279
10 years,Breast Cancer,18213,8444,total_dose_group_High,0.8313464174726185,0.7840479137156712,0.8814982525356132,6.39632118320968e-10,1.696855265268482
10 years,Breast Cancer,18213,8444,fraction_dose_group_Middle,0.9822332456918317,0.9364532995976113,1.0302512141896147,0.4616465715319108,1.153791112124254
10 years,Colorectal Cancer,8020,5376,age_at_rt,1.0211307939104082,1.018993180608247,1.0232728914335791,3.5635700779131304e-85,1.1680229460550762
10 years,Colorectal Cancer,8020,5376,approval_to_rt_days,1.0061058723151743,1.0000065324622343,1.0122424138717374,0.04975438978798638,1.0844841473147147
10 years,Colorectal Cancer,8020,5376,timing_group_Night,0.9329748752105506,0.8530798459407691,1.0203524581151326,0.1287968707939824,1.3493312025607012
10 years,Colorectal Cancer,8020,5376,timing_group_Afternoon,0.970655521742978,0.9054222083738754,1.0405887255430366,0.40142574671482034,1.2067126540318471
10 years,Colorectal Cancer,8020,5376,timing_group_Evening,1.0156494404750502,0.9429820308377289,1.0939166942777023,0.681826421133345,1.1417222189097003
10 years,Colorectal Cancer,8020,5376,sex_Male,0.9371986963070515,0.888293477114349,0.9887964045542228,0.01769184392732321,1.3344042066936594
10 years,Colorectal Cancer,8020,5376,year_bin_2015-2019,1.011446107438375,0.9362904922474634,1.0926344299370003,0.7726539497171092,1.1190431372015879
10 years,Colorectal Cancer,8020,5376,year_bin_2020-2025,1.0234689309832752,0.9531766800754278,1.098944901385079,0.5228213376489276,1.1784519032891803
10 years,Colorectal Cancer,8020,5376,stage_Stage II,1.2265647725278364,1.1226718966884466,1.3400719708438262,6.114391215143862e-06,1.7537235424239905
10 years,Colorectal Cancer,8020,5376,stage_Stage III,1.7262427761697143,1.5849600452638326,1.8801193955536502,5.0228677896086027e-36,2.8459174370013365
10 years,Colorectal Cancer,8020,5376,stage_Stage IV,2.7456350635463607,2.5059088389207593,3.008294549701936,4.1324557534736816e-104,4.934899058278122
10 years,Colorectal Cancer,8020,5376,stage_Recurrence,2.3700435027746907,2.011396789457493,2.7926395400877375,6.506793588087855e-25,4.1720042965407025
10 years,Colorectal Cancer,8020,5376,stage_Unknown,1.459782551888385,1.2814825073214768,1.6628905089401929,1.259344946603563e-08,2.2790398661122984
10 years,Colorectal Cancer,8020,5376,kps_group_<90,1.41939617896824,1.3239595670609838,1.5217122659885889,6.082285717282026e-23,2.190946134513181
10 years,Colorectal Cancer,8020,5376,kps_group_Not documented,1.0611164921731144,0.9940725831127405,1.132682088903438,0.0748416478326245,1.3157764964703358
10 years,Colorectal Cancer,8020,5376,concurrent_chemo_Yes,0.9300632824647388,0.8678027345070333,0.9967907163607512,0.04027752677358369,1.3595370716035233
10 years,Colorectal Cancer,8020,5376,total_dose_group_Middle,0.8957602076361686,0.8396336471285707,0.9556386315965787,0.000854909004685396,1.4768035763085592
10 years,Colorectal Cancer,8020,5376,total_dose_group_High,0.7528281957082696,0.6992681854245536,0.8104906015554991,4.701112998671792e-14,1.988719031207432
10 years,Colorectal Cancer,8020,5376,fraction_dose_group_Middle,1.0406257695495302,0.9801308191066559,1.1048545471078723,0.1925088164191772,1.2462375948442388
10 years,Lung Cancer,8777,7235,age_at_rt,1.0201650212887616,1.0183044586155678,1.0220289834299943,6.232571745247095e-102,1.1635932241372176
10 years,Lung Cancer,8777,7235,approval_to_rt_days,1.0048700577642515,0.9996561210772165,1.0101111889386742,0.06719277981723425,1.0748255809692042
10 years,Lung Cancer,8777,7235,timing_group_Night,1.228271864811828,1.1382131715457042,1.3254562603941422,1.2092937108635086e-07,1.7577809856742523
10 years,Lung Cancer,8777,7235,timing_group_Afternoon,1.0103200342140333,0.9505860081352786,1.07380769630367,0.741253798131043,1.112430451509293
10 years,Lung Cancer,8777,7235,timing_group_Evening,1.0014422360182218,0.9390681310072746,1.067959308772887,0.9649648583485082,1.0394463945137609
10 years,Lung Cancer,8777,7235,sex_Male,1.0205175465857221,0.9732249749185213,1.0701082377962328,0.4015142687154992,1.1652190196384158
10 years,Lung Cancer,8777,7235,year_bin_2015-2019,0.9996806761543353,0.9344632784538129,1.069449680173584,0.9925969057193955,1.0181947686070119
10 years,Lung Cancer,8777,7235,year_bin_2020-2025,1.010435563605036,0.9495420653475545,1.075234121222554,0.7433998758686766,1.1131218070497677
10 years,Lung Cancer,8777,7235,stage_Stage II,1.245619795726127,1.1563783547689805,1.3417482860225,7.014246915845111e-09,1.7987462548461655
10 years,Lung Cancer,8777,7235,stage_Stage III,1.790777999040893,1.6665773741276282,1.9242345969850647,7.718379283576567e-57,2.980781294333814
10 years,Lung Cancer,8777,7235,stage_Stage IV,2.8509049128587667,2.6351352738197167,3.084342159930537,4.740729217130474e-150,5.1480235230536096
10 years,Lung Cancer,8777,7235,stage_Recurrence,2.46081847356829,2.1329271687076714,2.8391159570272815,5.358940959994487e-35,4.356816650330778
10 years,Lung Cancer,8777,7235,stage_Unknown,1.467856138243339,1.3190695294464296,1.6334253763581852,1.94440505185858e-12,2.2965572329302653
10 years,Lung Cancer,8777,7235,kps_group_<90,1.4005969267334906,1.317012349612801,1.4894862236880515,7.278700240611466e-27,2.149646207116169
10 years,Lung Cancer,8777,7235,kps_group_Not documented,1.0964072986191464,1.0366794435733304,1.1595763491960298,0.0012802174290552442,1.4215252246801184
10 years,Lung Cancer,8777,7235,concurrent_chemo_Yes,0.9208420960671269,0.8792441897361357,0.9644080402098222,0.0004712944761116641,1.39149822775332
10 years,Lung Cancer,8777,7235,total_dose_group_Middle,0.8753287945825478,0.7774266393538225,0.9855598712981879,0.027784339155135184,1.5458055384871692
10 years,Lung Cancer,8777,7235,total_dose_group_High,0.8121691262857609,0.7296310306432725,0.9040441839627208,0.00014189220909392877,1.7648966787256284
10 years,Lung Cancer,8777,7235,fraction_dose_group_Middle,0.9581350832689738,0.8511399692771349,1.0785803403998422,0.47902400354106245,1.2572435781771458
10 years,Lung Cancer,8777,7235,fraction_dose_group_High,0.8792993536777733,0.7578328660349022,1.0202346559914726,0.0899135640125022,1.5323791378448357
10 years,Cervical Cancer,6288,4214,age_at_rt,1.017932772376946,1.0155449292800256,1.0203262299912463,8.94217544057229e-50,1.1530414571535708
10 years,Cervical Cancer,6288,4214,approval_to_rt_days,0.9928707320378509,0.9863772230951183,0.999406988985507,0.03258581253866787,1.0922217339370777
10 years,Cervical Cancer,6288,4214,timing_group_Night,0.9713871019962199,0.875814042653733,1.077389555282204,0.5827564994744645,1.2035917218783583
10 years,Cervical Cancer,6288,4214,timing_group_Afternoon,1.0360700156836617,0.958236615814773,1.1202254846899307,0.3738373105404108,1.2293859791090378
10 years,Cervical Cancer,6288,4214,timing_group_Evening,0.9879422940656888,0.9082759576115137,1.074596292266102,0.7773338082246237,1.123352641774817
10 years,Cervical Cancer,6288,4214,year_bin_2015-2019,0.9873088314548387,0.9036911202489892,1.0786636128505318,0.777269852964767,1.1269574941382139
10 years,Cervical Cancer,6288,4214,year_bin_2020-2025,1.0027768822724425,0.9238378376646665,1.0884610205639116,0.9471487610919881,1.055546128501639
10 years,Cervical Cancer,6288,4214,stage_Stage II,1.2645077971727319,1.1430058037725146,1.3989255031192038,5.283827618708232e-06,1.8428434885647667
10 years,Cervical Cancer,6288,4214,stage_Stage III,1.7001283072937974,1.5427577276946316,1.8735516337882159,9.264494090340568e-27,2.791140660096402
10 years,Cervical Cancer,6288,4214,stage_Stage IV,2.9961945894485966,2.7010149233974357,3.3236328833567557,1.6043557038802003e-95,5.441800327991187
10 years,Cervical Cancer,6288,4214,stage_Recurrence,2.0620084179686646,1.7080355562136902,2.4893385271200335,5.0301906342662934e-14,3.5418294537040573
10 years,Cervical Cancer,6288,4214,stage_Unknown,1.1997030781938096,1.0302173206553287,1.3970717119298293,0.019126138535889032,1.6891766705702447
10 years,Cervical Cancer,6288,4214,kps_group_<90,1.3369293015905215,1.2367521360569,1.4452208371759676,2.7298740971600617e-13,2.008085509831791
10 years,Cervical Cancer,6288,4214,kps_group_Not documented,1.0058216273926222,0.9325730074394698,1.0848235345224782,0.8803972639148852,1.0823429887116727
10 years,Cervical Cancer,6288,4214,concurrent_chemo_Yes,0.9661651999138623,0.9091764322465503,1.0267261231332203,0.26714332329975177,1.2254036707416551
10 years,Cervical Cancer,6288,4214,total_dose_group_Middle,0.8961905930692861,0.8331133997596669,0.9640435255723534,0.003246695971619146,1.4753498671346106
10 years,Cervical Cancer,6288,4214,total_dose_group_High,0.7730540633066391,0.7102303137068422,0.8414349166199885,2.645526291406286e-09,1.909812651605518
10 years,Cervical Cancer,6288,4214,fraction_dose_group_Middle,1.0338423694535794,0.9658089223482468,1.1066682240609884,0.337917846392382,1.220892297076693
10 years,Esophageal Cancer,6187,4777,age_at_rt,1.0186088610060209,1.016304695162271,1.0209182508542065,2.5336512235580997e-57,1.1562865669498748
10 years,Esophageal Cancer,6187,4777,approval_to_rt_days,1.00104645129518,0.9947373010855186,1.0073956174732028,0.7457650682232926,1.033412272086459
10 years,Esophageal Cancer,6187,4777,timing_group_Night,0.9761562225823236,0.886652500293951,1.0746949572355384,0.6228390737275553,1.1826122476508398
10 years,Esophageal Cancer,6187,4777,timing_group_Afternoon,0.9971392093229511,0.9250209972981339,1.0748800358839228,0.9403786030678651,1.0565088102835762
10 years,Esophageal Cancer,6187,4777,timing_group_Evening,0.9859775027258552,0.9118257008846091,1.066159502784775,0.7233319189317644,1.1343226622747418
10 years,Esophageal Cancer,6187,4777,sex_Male,1.0125418876314374,0.9479834909006054,1.0814967602803214,0.7107899033470226,1.1252325552876234
10 years,Esophageal Cancer,6187,4777,year_bin_2015-2019,1.0380372601530268,0.9555551394212026,1.1276391167951618,0.37683693246620453,1.236743307652784
10 years,Esophageal Cancer,6187,4777,year_bin_2020-2025,1.0570229587324314,0.9791054611549337,1.141141153445841,0.15576031749518301,1.3025317702953403
10 years,Esophageal Cancer,6187,4777,stage_Stage II,1.1601040395308873,1.0591292264422505,1.2707055465334807,0.0013914803566769354,1.5910765943473106
10 years,Esophageal Cancer,6187,4777,stage_Stage III,1.6892991311279322,1.546062851087883,1.8458056555861009,4.202340867220757e-31,2.768387831514353
10 years,Esophageal Cancer,6187,4777,stage_Stage IV,2.8303946086163716,2.5693436472255544,3.1179689214151085,1.3964577355302282e-98,5.106518294154627
10 years,Esophageal Cancer,6187,4777,stage_Recurrence,2.239686750138717,1.8873056875471268,2.6578612949904934,2.6558761982552597e-20,3.9059730366477945
10 years,Esophageal Cancer,6187,4777,stage_Unknown,1.301303618804741,1.134882621923021,1.4921288559735981,0.00016176129707052477,1.9274725173533467
10 years,Esophageal Cancer,6187,4777,kps_group_<90,1.428034932572503,1.3251104558126918,1.5389537979282324,1.0044336153758631e-20,2.2098589767632983
10 years,Esophageal Cancer,6187,4777,kps_group_Not documented,1.1150809091292242,1.0405959873423423,1.1948973944057628,0.0020141886114214773,1.47330503558532
10 years,Esophageal Cancer,6187,4777,concurrent_chemo_Yes,0.9688552884662115,0.9152155455698089,1.025638795727107,0.276242221497207,1.2142975914824383
10 years,Esophageal Cancer,6187,4777,total_dose_group_Middle,0.8471732121901989,0.7904328996080381,0.9079865625640783,2.7458022555305872e-06,1.6418492095681307
10 years,Esophageal Cancer,6187,4777,total_dose_group_High,0.803614966911191,0.7424602695559572,0.869806832128413,6.165910749211745e-08,1.7958270677402748
10 years,Esophageal Cancer,6187,4777,fraction_dose_group_Middle,1.0010407575945148,0.9390936835274388,1.0670741545203044,0.9745392320836798,1.0333183159111745
10 years,Nasopharyngeal Carcinoma,5590,3337,age_at_rt,1.0189071532050447,1.0161701601432638,1.0216515181926251,2.0673409701490054e-42,1.1577042484461328
10 years,Nasopharyngeal Carcinoma,5590,3337,approval_to_rt_days,1.0043090055847184,0.9968396901590995,1.0118342885580565,0.25893759748795964,1.0700932978880295
10 years,Nasopharyngeal Carcinoma,5590,3337,timing_group_Night,0.805643636558346,0.7183809761735862,0.9035062044434208,0.00022007576175277538,1.7884565838773268
10 years,Nasopharyngeal Carcinoma,5590,3337,timing_group_Afternoon,1.0115026986380105,0.9252188842570253,1.1058331458221196,0.8014972829536868,1.1193684054866997
10 years,Nasopharyngeal Carcinoma,5590,3337,timing_group_Evening,0.9368969339203342,0.8519059975901428,1.0303670443363007,0.1791392963376751,1.3354758579123271
10 years,Nasopharyngeal Carcinoma,5590,3337,sex_Male,1.0387313292096194,0.9652848302731412,1.1177662182635508,0.30980250427488665,1.2393091073206637
10 years,Nasopharyngeal Carcinoma,5590,3337,year_bin_2015-2019,1.072256816139793,0.9702893993566056,1.1849399576256625,0.17119116653503408,1.350605273326918
10 years,Nasopharyngeal Carcinoma,5590,3337,year_bin_2020-2025,1.0830473749304077,0.9876826836373185,1.1876199064500101,0.08980615571120623,1.3829544295544018
10 years,Nasopharyngeal Carcinoma,5590,3337,stage_Stage II,1.2042289686985679,1.0730334227044678,1.3514652743973454,0.0015902675980748707,1.700150777408619
10 years,Nasopharyngeal Carcinoma,5590,3337,stage_Stage III,1.6619830989173994,1.4892345283179822,1.8547701980874955,1.1647308883319434e-19,2.7108895400119724
10 years,Nasopharyngeal Carcinoma,5590,3337,stage_Stage IV,3.0091892203854878,2.6800191726225426,3.3787891730726693,1.5592594545974909e-77,5.468056956498744
10 years,Nasopharyngeal Carcinoma,5590,3337,stage_Recurrence,2.101996013007342,1.7055474630751897,2.5905976434875546,3.2464163402495493e-12,3.6239655349398348
10 years,Nasopharyngeal Carcinoma,5590,3337,stage_Unknown,1.4187197139193348,1.2022151705600004,1.6742141306749596,3.475952411078836e-05,2.189463453915985
10 years,Nasopharyngeal Carcinoma,5590,3337,kps_group_<90,1.4047974522546078,1.286149680934974,1.5343905232137693,4.365706750101018e-14,2.158891895680913
10 years,Nasopharyngeal Carcinoma,5590,3337,kps_group_Not documented,1.1141250204703121,1.0251993287715002,1.210764118159731,0.010885296661146356,1.4707053631248972
10 years,Nasopharyngeal Carcinoma,5590,3337,concurrent_chemo_Yes,0.9414985477472927,0.8794147254400437,1.0079652861927144,0.08327092329434915,1.3190362720842348
10 years,Nasopharyngeal Carcinoma,5590,3337,total_dose_group_Middle,0.8502359880563232,0.7831433310039629,0.9230765388238413,0.00010948839809093024,1.6313042201375823
10 years,Nasopharyngeal Carcinoma,5590,3337,total_dose_group_High,0.8363329927664936,0.7615853411996996,0.9184169349792572,0.00018288795484396584,1.6794241101962757
10 years,Nasopharyngeal Carcinoma,5590,3337,fraction_dose_group_Middle,0.9750125880711334,0.9025596472233782,1.0532816859492162,0.5206691191026727,1.1877529430785232
10 years,Lymphoma,4901,3671,age_at_rt,1.0168633668236886,1.014265116826256,1.0194682727761937,1.4233144686801345e-37,1.147812746220152
10 years,Lymphoma,4901,3671,approval_to_rt_days,1.005133149077058,0.9978684723864184,1.0124507140279042,0.16653733625313671,1.0769627968313482
10 years,Lymphoma,4901,3671,timing_group_Night,0.9532559974444709,0.8556290777130429,1.0620221078655392,0.3851785535546668,1.2758415545361763
10 years,Lymphoma,4901,3671,timing_group_Afternoon,1.0270574093211837,0.9438093792965008,1.1176482721837395,0.53588985853178,1.193759277098236
10 years,Lymphoma,4901,3671,timing_group_Evening,1.0110304960547376,0.9248695658744251,1.1052181860760637,0.8092549698612495,1.1166343212598464
10 years,Lymphoma,4901,3671,sex_Male,1.0277271491874271,0.9628679729152982,1.0969552658179755,0.41090798444989574,1.1965345660549598
10 years,Lymphoma,4901,3671,year_bin_2015-2019,0.9968041563472053,0.9066376724983715,1.0959378329967295,0.947241668855142,1.0599191291131218
10 years,Lymphoma,4901,3671,year_bin_2020-2025,1.0192848232121086,0.9342191149708278,1.112096224730942,0.6674865321835792,1.1594872754675196
10 years,Lymphoma,4901,3671,stage_Stage II,1.2026622022548743,1.0802922355978433,1.3388936114421812,0.0007500107367878296,1.6963566122674547
10 years,Lymphoma,4901,3671,stage_Stage III,1.7080420799924374,1.5403582973455276,1.8939799604107754,3.173536414916938e-24,2.8077537090263647
10 years,Lymphoma,4901,3671,stage_Stage IV,2.804794693444196,2.509388247854679,3.134976534260194,1.015717527849975e-73,5.054701042368197
10 years,Lymphoma,4901,3671,stage_Recurrence,2.4482384698609114,1.99998056588261,2.9969649243375245,4.040649725691066e-18,4.331223635879482
10 years,Lymphoma,4901,3671,stage_Unknown,1.2633681291537804,1.0765556295706558,1.4825978202334682,0.004189790419062205,1.8401964403588935
10 years,Lymphoma,4901,3671,kps_group_<90,1.4197410500835062,1.3040028138227084,1.5457517636662597,6.58528748298779e-16,2.1917019294088194
10 years,Lymphoma,4901,3671,kps_group_Not documented,1.047482794706108,0.9678609453202173,1.1336547987710186,0.2501058144603905,1.270501651530392
10 years,Lymphoma,4901,3671,concurrent_chemo_Yes,0.9978619937484775,0.9170384221378164,1.0858089852401454,0.9603901352240423,1.0484802369888364
10 years,Lymphoma,4901,3671,total_dose_group_Middle,0.874495024133072,0.8087325647082559,0.9456049881079994,0.0007733472203634058,1.5486272387404418
10 years,Lymphoma,4901,3671,total_dose_group_High,0.7885014508462326,0.7208597327401807,0.8624903150342916,2.073020557262708e-07,1.851473719615416
10 years,Lymphoma,4901,3671,fraction_dose_group_Middle,1.0182560290547393,0.9460178818573952,1.0960102981040927,0.6298985736392718,1.1545986550071055
10 years,Gastric Cancer,3862,2610,age_at_rt,1.0159434627125785,1.0128546105593705,1.0190417347840304,2.403532847384085e-24,1.143213477703722
10 years,Gastric Cancer,3862,2610,approval_to_rt_days,1.0011359413625134,0.9929702360294654,1.009368797493407,0.7858575273677697,1.0348588078671932
10 years,Gastric Cancer,3862,2610,timing_group_Night,1.0160654479046838,0.8904814407193292,1.1593604843597682,0.8128340929462101,1.1438290832672622
10 years,Gastric Cancer,3862,2610,timing_group_Afternoon,1.0215641048220863,0.9220652865180755,1.1317997060726488,0.6832295007993334,1.1699861902368391
10 years,Gastric Cancer,3862,2610,timing_group_Evening,1.0400030141217145,0.9328167897693606,1.1595055762768578,0.47970119629790153,1.2439717746232593
10 years,Gastric Cancer,3862,2610,sex_Male,0.9414853390348854,0.8715113480295378,1.0170775694679663,0.1259614751106402,1.3190837784459233
10 years,Gastric Cancer,3862,2610,year_bin_2015-2019,1.0869738678497605,0.9713817731695152,1.21632114377967,0.14599997327618525,1.3944447144978744
10 years,Gastric Cancer,3862,2610,year_bin_2020-2025,1.035910315241188,0.9323467104558403,1.150977602203836,0.5115098931044999,1.2287829830350188
10 years,Gastric Cancer,3862,2610,stage_Stage II,1.1776627003706701,1.0372709787284473,1.3370560483090697,0.011570727186778701,1.6350757909940896
10 years,Gastric Cancer,3862,2610,stage_Stage III,1.7413323971727166,1.542555027829003,1.965724698788128,3.001405501826908e-19,2.877512893515865
10 years,Gastric Cancer,3862,2610,stage_Stage IV,2.764561804859997,2.431395189535805,3.1433812182337597,2.5337016311150354e-54,4.973235653129761
10 years,Gastric Cancer,3862,2610,stage_Recurrence,2.149424847507418,1.7230711906803342,2.681274691417784,1.1734544368636388e-11,3.721239826305771
10 years,Gastric Cancer,3862,2610,stage_Unknown,1.5387044687171596,1.2880034033721395,1.8382027841319988,2.0425165850672615e-06,2.4491477526909593
10 years,Gastric Cancer,3862,2610,kps_group_<90,1.5261063707139655,1.3818766354942242,1.6853897047769322,7.092798407092004e-17,2.4221500549279584
10 years,Gastric Cancer,3862,2610,kps_group_Not documented,1.1904247949614677,1.0840755694299187,1.3072070180534248,0.00026152935476765285,1.666540744597252
10 years,Gastric Cancer,3862,2610,concurrent_chemo_Yes,1.012142576953484,0.9170478521481749,1.1170982993769811,0.8105183272691275,1.12300293564204
10 years,Gastric Cancer,3862,2610,total_dose_group_Middle,0.9064266439581691,0.8264131162220709,0.9941871017648385,0.03719612167712774,1.440709661581561
10 years,Gastric Cancer,3862,2610,total_dose_group_High,0.7647015844657258,0.6864040379941446,0.8519304679401957,1.129388781876978e-06,1.9420329581908122
10 years,Gastric Cancer,3862,2610,fraction_dose_group_Middle,1.017846438776509,0.9330183203570642,1.1103869563177946,0.6903239075554899,1.152623789075113
10 years,Other Head and Neck Cancer,3920,2649,age_at_rt,1.018648889209526,1.015620981432866,1.021685824197785,4.764444302886217e-34,1.1564772980310574
10 years,Other Head and Neck Cancer,3920,2649,approval_to_rt_days,0.9989187038119611,0.9905564743813466,1.007351526775462,0.8008566372575392,1.0340011298899077
10 years,Other Head and Neck Cancer,3920,2649,timing_group_Night,0.854368942846174,0.7488685201000257,0.9747322405842226,0.019255672170205424,1.617119144948708
10 years,Other Head and Neck Cancer,3920,2649,timing_group_Afternoon,0.9367888638075942,0.8479257226086094,1.0349649172737727,0.19910421244105783,1.3358594426870012
10 years,Other Head and Neck Cancer,3920,2649,timing_group_Evening,0.9273741342854339,0.8335658577915807,1.0317394563402242,0.16583666263870583,1.368910150535041
10 years,Other Head and Neck Cancer,3920,2649,sex_Male,1.0099812390236402,0.9355618397336445,1.090320339989648,0.7992454811303213,1.1103847457158234
10 years,Other Head and Neck Cancer,3920,2649,year_bin_2015-2019,0.9037562151021774,0.8078667981418285,1.0110271869254623,0.07700642828882036,1.4497624498170874
10 years,Other Head and Neck Cancer,3920,2649,year_bin_2020-2025,0.9374430932333416,0.84705062954083,1.037481730610691,0.21177669191078574,1.3335356531629958
10 years,Other Head and Neck Cancer,3920,2649,stage_Stage II,1.2938561617046294,1.138264146766431,1.4707164166917661,8.112017190390293e-05,1.91046592928572
10 years,Other Head and Neck Cancer,3920,2649,stage_Stage III,1.7211961613182505,1.5230366363589816,1.945137861436455,3.2778736306610115e-18,2.835341602640177
10 years,Other Head and Neck Cancer,3920,2649,stage_Stage IV,2.7712624375763193,2.4324388216941286,3.1572820781459994,5.663301877382123e-53,4.98680595110638
10 years,Other Head and Neck Cancer,3920,2649,stage_Recurrence,2.075998099025708,1.640193351868493,2.627597595276621,1.2333191041446188e-09,3.5705783103668876
10 years,Other Head and Neck Cancer,3920,2649,stage_Unknown,1.3877936326032099,1.142117096426565,1.6863167294491572,0.0009781214945377892,2.121399476425901
10 years,Other Head and Neck Cancer,3920,2649,kps_group_<90,1.420391329234702,1.2850283518912888,1.5700132414944583,6.522922161454073e-12,2.19312685897979
10 years,Other Head and Neck Cancer,3920,2649,kps_group_Not documented,1.1066871747828377,1.0090552880007404,1.2137655066011808,0.0314550560505247,1.4502993515839249
10 years,Other Head and Neck Cancer,3920,2649,concurrent_chemo_Yes,0.9894126069815035,0.8969512487507235,1.0914052555447153,0.8316121885150141,1.114696791306269
10 years,Other Head and Neck Cancer,3920,2649,total_dose_group_Middle,0.8701537630094242,0.7929630874411375,0.9548585341126189,0.003340046059664378,1.5633350004987805
10 years,Other Head and Neck Cancer,3920,2649,total_dose_group_High,0.8606340780153215,0.7751046875963069,0.9556012601836466,0.0049487873741218425,1.59570424850976
10 years,Other Head and Neck Cancer,3920,2649,fraction_dose_group_Middle,0.9437862435069154,0.8669320446346996,1.0274536267813514,0.18187198196540608,1.31077816898708
10 years,Pancreatic Cancer,2764,2477,age_at_rt,1.0176621620510544,1.0145198563897584,1.0208142004788476,1.3111029256588354e-28,1.1517297346380604
10 years,Pancreatic Cancer,2764,2477,approval_to_rt_days,1.001440018985344,0.9930427530862687,1.009908292979852,0.737672321758031,1.039414913850534
10 years,Pancreatic Cancer,2764,2477,timing_group_Night,0.8569008909268866,0.7479845299179626,0.9816769030661988,0.025974408459243252,1.6084525566426964
10 years,Pancreatic Cancer,2764,2477,timing_group_Afternoon,0.961659326750331,0.8681852763494365,1.0651973558161114,0.4536464908141786,1.2434837497738185
10 years,Pancreatic Cancer,2764,2477,timing_group_Evening,0.9520920314012082,0.8536248415473858,1.0619175920589226,0.3781048602772875,1.2802112086371387
10 years,Pancreatic Cancer,2764,2477,sex_Male,1.0414306302062888,0.9622748280799528,1.1270977125068817,0.3141685238037303,1.2491494962863323
10 years,Pancreatic Cancer,2764,2477,year_bin_2015-2019,1.102653988706588,0.9845151486734368,1.2349691322158045,0.09101656258584634,1.439093924064982
10 years,Pancreatic Cancer,2764,2477,year_bin_2020-2025,1.0348483046170167,0.9322519622727589,1.148735596069881,0.5201957073274401,1.2247501449232578
10 years,Pancreatic Cancer,2764,2477,stage_Stage II,1.3439818181117642,1.1854573904069712,1.5237048096641412,3.898246046088018e-06,2.023912189034581
10 years,Pancreatic Cancer,2764,2477,stage_Stage III,1.9303830961049275,1.706074943813885,2.1841824189724193,1.695637973237505e-25,3.2705307751398607
10 years,Pancreatic Cancer,2764,2477,stage_Stage IV,2.986190504649971,2.602513229544085,3.4264316618378183,8.277363087521444e-55,5.421584358919065
10 years,Pancreatic Cancer,2764,2477,stage_Recurrence,2.8008044673723114,2.1948515268685376,3.574048434904704,1.2326055490599485e-16,5.046623070260885
10 years,Pancreatic Cancer,2764,2477,stage_Unknown,1.386259908528701,1.1462528240956522,1.6765206537311352,0.0007593523926898235,2.11800892661161
10 years,Pancreatic Cancer,2764,2477,kps_group_<90,1.5360471783432514,1.385455434442832,1.7030074554834926,3.553974474532355e-16,2.443457645415906
10 years,Pancreatic Cancer,2764,2477,kps_group_Not documented,1.0708173870981934,0.9701863656486169,1.1818861995089065,0.17419046632798096,1.3461943821678775
10 years,Pancreatic Cancer,2764,2477,concurrent_chemo_Yes,0.9444082237567225,0.8515867031073183,1.0473471342904799,0.2785534005795236,1.3085221543729035
10 years,Pancreatic Cancer,2764,2477,total_dose_group_Middle,0.9811161791538348,0.7969674008198975,1.2078147186536554,0.8573502663900592,1.1593106294686375
10 years,Pancreatic Cancer,2764,2477,total_dose_group_High,0.821558382734444,0.6807698242002675,0.9914631234340336,0.04042731661062201,1.7313723948596678
10 years,Pancreatic Cancer,2764,2477,fraction_dose_group_Middle,0.8700478639240814,0.7105946689715071,1.065281402426634,0.1777480968361031,1.5636941397447117
10 years,Pancreatic Cancer,2764,2477,fraction_dose_group_High,0.8230340778142895,0.6330465232494105,1.0700399865820585,0.1458297646918435,1.726141378222275
10 years,Prostate Cancer,2821,1632,age_at_rt,1.020015577180822,1.0158959909400953,1.0241518688628006,8.151629539022743e-22,1.1629008476277904
10 years,Prostate Cancer,2821,1632,approval_to_rt_days,1.0026771699421975,0.9918250511999731,1.0136480278522346,0.6301353766129181,1.0544877594109237
10 years,Prostate Cancer,2821,1632,timing_group_Night,0.9033633146224478,0.7635830359522477,1.0687315455979955,0.2360408071097621,1.4510932591257093
10 years,Prostate Cancer,2821,1632,timing_group_Afternoon,1.0416542400619253,0.9188805576068549,1.180831988288978,0.5236024794567604,1.2499552620878909
10 years,Prostate Cancer,2821,1632,timing_group_Evening,0.9867461849430199,0.8622979714958874,1.129154962304406,0.8461923601046513,1.1301033960952058
10 years,Prostate Cancer,2821,1632,year_bin_2015-2019,1.0840224960430713,0.9398857163203884,1.2502634645070831,0.2677327540406801,1.3858208987631309
10 years,Prostate Cancer,2821,1632,year_bin_2020-2025,1.0490868945423788,0.9197290959338649,1.19663857234295,0.4754055179880201,1.276015116141618
10 years,Prostate Cancer,2821,1632,stage_Stage II,1.2989760738962408,1.096098934297746,1.5394037780320846,0.0025362527934796437,1.9221636593459603
10 years,Prostate Cancer,2821,1632,stage_Stage III,1.716186610306444,1.4582056248130018,2.019808750753395,8.11492018625052e-11,2.824838887212363
10 years,Prostate Cancer,2821,1632,stage_Stage IV,2.7757114923944095,2.3375748109706165,3.295969075664055,2.365996949113056e-31,4.995815723419609
10 years,Prostate Cancer,2821,1632,stage_Recurrence,2.3437023518440534,1.7643309933604265,3.1133277909363466,4.1309325697548936e-09,4.118311706658598
10 years,Prostate Cancer,2821,1632,stage_Unknown,1.2165639283582255,0.9606384529446924,1.5406709852656797,0.10379522372702313,1.7298512391542085
10 years,Prostate Cancer,2821,1632,kps_group_<90,1.3953416795077969,1.2297719269726655,1.5832028361263084,2.349353160634193e-07,2.1380641869517563
10 years,Prostate Cancer,2821,1632,kps_group_Not documented,1.263068899241203,1.123666688225668,1.4197653636502465,9.075662759695537e-05,1.8395011545749766
10 years,Prostate Cancer,2821,1632,concurrent_chemo_Yes,0.889188985971693,0.78015492893419,1.01346158749971,0.07847195314837213,1.4989871718831431
10 years,Prostate Cancer,2821,1632,total_dose_group_Middle,0.9396922358618992,0.836413716900501,1.0557233583056822,0.29504346461731823,1.325515252887191
10 years,Prostate Cancer,2821,1632,total_dose_group_High,0.8514049347185637,0.744637655595538,0.9734806686392686,0.018616796003474802,1.6272871440648233
10 years,Prostate Cancer,2821,1632,fraction_dose_group_Middle,0.9782903627126034,0.875590670826104,1.0930358964119566,0.6981058048950696,1.1728030345704528
10 years,Soft Tissue Sarcoma,1922,1301,age_at_rt,1.0190362851025583,1.0147785564492735,1.0233118780013672,1.0715600899511486e-18,1.1583153763297205
10 years,Soft Tissue Sarcoma,1922,1301,approval_to_rt_days,0.9883908558196167,0.9764435718357156,1.000484320902671,0.059845857189299224,1.1207567654530883
10 years,Soft Tissue Sarcoma,1922,1301,timing_group_Night,1.0275807549571208,0.8495464086948866,1.2429246915190941,0.7792659912637442,1.1959299545427604
10 years,Soft Tissue Sarcoma,1922,1301,timing_group_Afternoon,1.1183107650988882,0.9697288083452839,1.2896584659272723,0.12420750854255481,1.4820527096655995
10 years,Soft Tissue Sarcoma,1922,1301,timing_group_Evening,1.0951030405268614,0.9386131399220832,1.277683657263449,0.2482011292733221,1.4178221580955532
10 years,Soft Tissue Sarcoma,1922,1301,sex_Male,0.9809845915339049,0.8790436204447405,1.0947474578566008,0.7316416894607263,1.1599533554298356
10 years,Soft Tissue Sarcoma,1922,1301,year_bin_2015-2019,1.1134204291098078,0.9522834074434127,1.3018236401779744,0.17798737252159738,1.4687859069622022
10 years,Soft Tissue Sarcoma,1922,1301,year_bin_2020-2025,0.9859628081799696,0.8515444494361529,1.1415994311956577,0.8500598523524273,1.1344024807698652
10 years,Soft Tissue Sarcoma,1922,1301,stage_Stage II,1.3194962307056763,1.1001580067189491,1.5825638610211639,0.0027983576310175867,1.9687835878448796
10 years,Soft Tissue Sarcoma,1922,1301,stage_Stage III,1.8881508046642892,1.5922749185106226,2.239006229206404,2.6860188244425656e-13,3.183126733587338
10 years,Soft Tissue Sarcoma,1922,1301,stage_Stage IV,2.734088091969861,2.2721290205124687,3.289970607815831,1.7216645068659266e-26,4.911506196671283
10 years,Soft Tissue Sarcoma,1922,1301,stage_Recurrence,2.6464877355642464,1.9506396565471686,3.590564413567592,4.0381087697137276e-10,4.733928656627098
10 years,Soft Tissue Sarcoma,1922,1301,stage_Unknown,1.4140938729015091,1.096475086530068,1.8237181181250248,0.0075949981191321255,2.179317767246217
10 years,Soft Tissue Sarcoma,1922,1301,kps_group_<90,1.490130276588592,1.294949820151885,1.7147291784214094,2.570724833355449e-08,2.3447401083933763
10 years,Soft Tissue Sarcoma,1922,1301,kps_group_Not documented,1.2340234075424592,1.0772606295580727,1.4135982775007847,0.002416511606273303,1.7714155947021193
10 years,Soft Tissue Sarcoma,1922,1301,concurrent_chemo_Yes,1.0420341627279026,0.9034709100089733,1.2018485423966294,0.571676546845848,1.2513211273581404
10 years,Soft Tissue Sarcoma,1922,1301,total_dose_group_Middle,0.9339026418328696,0.8172825186109257,1.0671635873293641,0.31499040990365507,1.3460654339254006
10 years,Soft Tissue Sarcoma,1922,1301,total_dose_group_High,0.8297254196940771,0.7147614377069643,0.9631804903956761,0.014168976520364382,1.7025432416752617
10 years,Soft Tissue Sarcoma,1922,1301,fraction_dose_group_Middle,1.0529553801006992,0.9288157145083217,1.193686772483084,0.4201209692451099,1.2890901983344971
10 years,Liver Cancer,2048,1733,age_at_rt,1.0161022565702167,1.0123310713019604,1.0198874904424629,3.7637284246055214e-17,1.1440144891239086
10 years,Liver Cancer,2048,1733,approval_to_rt_days,0.9995647746922104,0.9887185362798218,1.0105299962968644,0.9376668391296004,1.021306552714974
10 years,Liver Cancer,2048,1733,timing_group_Night,0.98328460395592,0.8349370712052321,1.157989800334418,0.8399026611759468,1.148485423904469
10 years,Liver Cancer,2048,1733,timing_group_Afternoon,0.9957685938720628,0.8799987796858545,1.1267687131292552,0.9463873315848941,1.0695750657294498
10 years,Liver Cancer,2048,1733,timing_group_Evening,1.0006162423452876,0.8752020129989584,1.1440020127631891,0.9928060798828905,1.0254481190346498
10 years,Liver Cancer,2048,1733,sex_Male,0.9389666620313817,0.8535917542407628,1.0328806341276766,0.19538918636126454,1.3281081348858255
10 years,Liver Cancer,2048,1733,year_bin_2015-2019,0.9110895650431147,0.7927854628917596,1.0470477000204341,0.18948124048442738,1.4248637877920052
10 years,Liver Cancer,2048,1733,year_bin_2020-2025,0.9128936545448846,0.8036507748634751,1.0369862763460778,0.16107525729398361,1.4187171035760777
10 years,Liver Cancer,2048,1733,stage_Stage II,1.3374093218780183,1.1463790304290389,1.56027251613003,0.00021802426319237042,2.009164018451256
10 years,Liver Cancer,2048,1733,stage_Stage III,1.5927189028269804,1.3696138657438706,1.8521669259274094,1.4954952491859035e-09,2.564333332832731
10 years,Liver Cancer,2048,1733,stage_Stage IV,2.783667720633045,2.361958443673385,3.280669903253339,2.6059571992722727e-34,5.011926740195476
10 years,Liver Cancer,2048,1733,stage_Recurrence,2.3365701906067162,1.7682836385311171,3.0874912466910964,2.3881305789742148e-09,4.1037685566723905
10 years,Liver Cancer,2048,1733,stage_Unknown,1.4513628622111217,1.1599888480785594,1.8159262145449528,0.0011220266613611051,2.2607399656644733
10 years,Liver Cancer,2048,1733,kps_group_<90,1.2616653939872569,1.1079955251702267,1.4366480100544308,0.00045226944730846494,1.8362384288555522
10 years,Liver Cancer,2048,1733,kps_group_Not documented,1.04552870102374,0.933666361247475,1.1707932405360022,0.4406156454288951,1.2637065267546082
10 years,Liver Cancer,2048,1733,concurrent_chemo_Yes,0.9653024013665833,0.8511601169010734,1.0947513958673798,0.5823125541202122,1.2289132531996332
10 years,Liver Cancer,2048,1733,total_dose_group_Middle,1.0337118774944818,0.823011773653816,1.2983535350037843,0.7755715621713628,1.2203890538677191
10 years,Liver Cancer,2048,1733,total_dose_group_High,0.9562718864880148,0.7811391123731479,1.1706697391059757,0.6648541116218418,1.2644026227895342
10 years,Liver Cancer,2048,1733,fraction_dose_group_Middle,0.9532376352844335,0.7528742747532055,1.2069239444003064,0.6907855232708346,1.2759106747692748
10 years,Liver Cancer,2048,1733,fraction_dose_group_High,0.8471835042865614,0.6247676544797082,1.1487788857010506,0.28583112349698936,1.6418137250781255
10 years,Other,4687,3220,age_at_rt,1.0192060913515306,1.0164509540882625,1.0219686965416173,3.621234591815305e-43,1.1591166531277382
10 years,Other,4687,3220,approval_to_rt_days,0.9937880839815056,0.985718978792366,1.0019232429445446,0.13412112047034602,1.0855591112435452
10 years,Other,4687,3220,timing_group_Night,0.9849680473614296,0.8775815190988202,1.1054950830314172,0.7970593870648465,1.1397373415845966
10 years,Other,4687,3220,timing_group_Afternoon,0.9351649111711985,0.8541843922803637,1.0238227471601855,0.14691647018185752,1.3416108088328207
10 years,Other,4687,3220,timing_group_Evening,0.9735756365634632,0.8840830771564406,1.0721272068215693,0.5862099036359557,1.1941093022829727
10 years,Other,4687,3220,sex_Male,1.0328957673331063,0.9636641358284225,1.107101142928287,0.3605306800114647,1.2172267165563448
10 years,Other,4687,3220,year_bin_2015-2019,0.9443939493360278,0.8540703498537829,1.0442698680444649,0.26466945403780456,1.308573983596931
10 years,Other,4687,3220,year_bin_2020-2025,0.9462934958456809,0.8625647201409455,1.0381497867586296,0.24285732687152783,1.3016539194832193
10 years,Other,4687,3220,stage_Stage II,1.3416586447259113,1.1943938044111049,1.5070807570500429,7.252515231838025e-07,2.0187031589506836
10 years,Other,4687,3220,stage_Stage III,1.7662234222197213,1.5798405096941526,1.9745950037712785,1.5636790900034543e-23,2.929547003592429
10 years,Other,4687,3220,stage_Stage IV,3.1571407823028497,2.803431287758486,3.5554778755606677,3.4099459201185674e-80,5.7668145429436315
10 years,Other,4687,3220,stage_Recurrence,2.226420731333866,1.7980103481946375,2.756908088927544,2.129895226030187e-13,3.878851831736954
10 years,Other,4687,3220,stage_Unknown,1.6523209146687325,1.3971227694973805,1.954133498256494,4.4417129841587705e-09,2.69051332958178
10 years,Other,4687,3220,kps_group_<90,1.4889891491388711,1.3591561559713368,1.6312244008995647,1.2064810261065092e-17,2.342276637102001
10 years,Other,4687,3220,kps_group_Not documented,1.1600403046375083,1.0680260211519548,1.259981949627071,0.0004302914133745485,1.5909152328312648
10 years,Other,4687,3220,concurrent_chemo_Yes,0.9820079946494832,0.8976920785201528,1.0742433008267327,0.6918180387029154,1.1549134907463812
10 years,Other,4687,3220,total_dose_group_Middle,0.9148526029730512,0.8406999968824445,0.9955457217440659,0.03906736562056137,1.4120310363307584
10 years,Other,4687,3220,total_dose_group_High,0.8783365425440296,0.7981245666934911,0.966609867886042,0.007930653496591673,1.5356333553841273
10 years,Other,4687,3220,fraction_dose_group_Middle,0.9872825573378424,0.9125225327549342,1.0681674293354917,0.7500500469133566,1.1271055395137295
