HR,HR_lower_95,HR_upper_95,p,follow_up,population,season,reference
0.9867273085775591,0.9614427141727203,1.0126768523390188,0.3130519611439111,5 years,Overall,Summer,Spring
1.0107937668260256,0.9850011350255011,1.037261788564228,0.4156133507578519,5 years,Overall,Autumn,Spring
1.0129132989860774,0.9869344945841468,1.0395759362886283,0.3331065048872578,5 years,Overall,Winter,Spring
0.9626171305736212,0.8990557147769531,1.0306722095678802,0.2743291869692021,5 years,Breast Cancer,Summer,Spring
1.0581315875053225,0.989465893989635,1.1315624553384178,0.0988181655908788,5 years,Breast Cancer,Autumn,Spring
0.9976614277988971,0.931781344742592,1.0681994548760763,0.9464450448516465,5 years,Breast Cancer,Winter,Spring
1.0242192744085765,0.9441190347225866,1.1111153186083886,0.5646367617256739,5 years,Colorectal Cancer,Summer,Spring
0.9385634725349026,0.8641465934280256,1.019388838278334,0.13249229310117464,5 years,Colorectal Cancer,Autumn,Spring
1.0305364168333118,0.9494556011361992,1.118541304247145,0.47187399851861833,5 years,Colorectal Cancer,Winter,Spring
0.9886435378161452,0.9232860599575882,1.0586275340391493,0.7434408305378315,5 years,Lung Cancer,Summer,Spring
1.0509015103875885,0.9822742783884371,1.1243234286322072,0.1496103636351652,5 years,Lung Cancer,Autumn,Spring
1.0020616877784707,0.936024193272433,1.072758197203117,0.9527834442119256,5 years,Lung Cancer,Winter,Spring
0.9713843416754593,0.885951451683982,1.0650555822880936,0.53649905544158,5 years,Cervical Cancer,Summer,Spring
1.0307048938648904,0.940082135348497,1.1300635745441658,0.5195252870789306,5 years,Cervical Cancer,Autumn,Spring
0.9683602561040008,0.8824643938755431,1.0626169079565788,0.4975092257798387,5 years,Cervical Cancer,Winter,Spring
0.9547172576512206,0.8781673763959075,1.0379399947626147,0.2771663054957413,5 years,Esophageal Cancer,Summer,Spring
0.9714200855269988,0.8927839585941139,1.056982457493164,0.5007907696787315,5 years,Esophageal Cancer,Autumn,Spring
1.0281318597026161,0.94458300910144,1.1190706489005262,0.5211542171545849,5 years,Esophageal Cancer,Winter,Spring
1.0134997818949694,0.9116197040647974,1.1267656933270267,0.8040722887894967,5 years,Nasopharyngeal Carcinoma,Summer,Spring
1.0207930287390383,0.9179991624864235,1.1350973400671591,0.7039243958353598,5 years,Nasopharyngeal Carcinoma,Autumn,Spring
1.043638315263206,0.9387826398250544,1.160205660906124,0.42915652774417146,5 years,Nasopharyngeal Carcinoma,Winter,Spring
0.9926251604525281,0.9000298280049219,1.0947467278362455,0.8822214596074904,5 years,Lymphoma,Summer,Spring
0.940373397975439,0.8524768330116078,1.0373327384110063,0.21948409384836481,5 years,Lymphoma,Autumn,Spring
0.9807254410999326,0.8905259873438677,1.080061002699587,0.6925632680237668,5 years,Lymphoma,Winter,Spring
1.0197758431444057,0.9053680051452241,1.1486409552257961,0.7470405017051154,5 years,Gastric Cancer,Summer,Spring
1.083584231686778,0.9644010573607684,1.2174963706214508,0.1769345946776138,5 years,Gastric Cancer,Autumn,Spring
1.0209442612738402,0.9073521256820568,1.1487570868305068,0.7305254418135892,5 years,Gastric Cancer,Winter,Spring
0.9652946820184205,0.86024169822408,1.0831767688740022,0.5479421703901327,5 years,Other Head and Neck Cancer,Summer,Spring
0.8933565342622138,0.7956171027826675,1.003102993283694,0.05644856574851512,5 years,Other Head and Neck Cancer,Autumn,Spring
0.9436912429771824,0.8401078542301939,1.0600462280975218,0.3285795189340875,5 years,Other Head and Neck Cancer,Winter,Spring
1.0886198438668078,0.9698763511146787,1.2219012898897532,0.149608717844845,5 years,Pancreatic Cancer,Summer,Spring
1.070285513829835,0.9546195838538576,1.1999660393405047,0.24439813108085642,5 years,Pancreatic Cancer,Autumn,Spring
1.1018716657941556,0.9812861856242073,1.2372753083318615,0.1009005746050212,5 years,Pancreatic Cancer,Winter,Spring
0.9269530508143485,0.7961463011740865,1.0792513350208295,0.3284171872255185,5 years,Prostate Cancer,Summer,Spring
1.093358476081749,0.9438484203650553,1.2665516320485477,0.2341727783896261,5 years,Prostate Cancer,Autumn,Spring
1.0179147338231338,0.8720004958181888,1.1882452020420153,0.8220340706199714,5 years,Prostate Cancer,Winter,Spring
0.9119805761845031,0.7736230081168354,1.0750825177270462,0.27240078739300716,5 years,Soft Tissue Sarcoma,Summer,Spring
0.940431023209455,0.7940781352208989,1.1137575386945453,0.47670030628870685,5 years,Soft Tissue Sarcoma,Autumn,Spring
1.033209853558436,0.8782913833598477,1.2154538023662549,0.6934517118142898,5 years,Soft Tissue Sarcoma,Winter,Spring
0.9059831464078698,0.7887013081947626,1.0407050844809975,0.16274814616767044,5 years,Liver Cancer,Summer,Spring
0.8753633691387179,0.7625399403050979,1.0048798594383144,0.05864867766683918,5 years,Liver Cancer,Autumn,Spring
0.8511416774717486,0.7403733371765034,0.9784822315349218,0.02346647704327808,5 years,Liver Cancer,Winter,Spring
0.953294440889328,0.8568699480690554,1.0605696851411324,0.3793329709929991,5 years,Other,Summer,Spring
0.9981566383342302,0.8979058913835485,1.109600331406118,0.9727450957677563,5 years,Other,Autumn,Spring
1.0208875348441355,0.9190468179803274,1.1340133477535692,0.6998338899821417,5 years,Other,Winter,Spring
0.9899912813674909,0.9663521739044388,1.014208653584056,0.41462716142419187,10 years,Overall,Summer,Spring
1.0079091720522695,0.9838960194990476,1.0325083941536106,0.5219484158918972,10 years,Overall,Autumn,Spring
1.0103930275546424,0.9862033595081603,1.0351760215460806,0.4029968814528976,10 years,Overall,Winter,Spring
0.9804112505331429,0.9229463909319408,1.0414540103476517,0.5209071633214419,10 years,Breast Cancer,Summer,Spring
1.0445756199625669,0.9839247244979742,1.1089651460653251,0.15301624129819355,10 years,Breast Cancer,Autumn,Spring
1.0028879887263233,0.9438139621953267,1.065659503057212,0.9258229131548735,10 years,Breast Cancer,Winter,Spring
1.0239663340011333,0.9494142580346819,1.1043725584426802,0.5391754229646952,10 years,Colorectal Cancer,Summer,Spring
0.9445370618187069,0.87520122211687,1.0193658767880267,0.1424097878054335,10 years,Colorectal Cancer,Autumn,Spring
1.0110516232256472,0.9369413220364001,1.0910239102331991,0.7771928114520413,10 years,Colorectal Cancer,Winter,Spring
0.9820963752316025,0.9195535934086767,1.048892959754217,0.5904995989996189,10 years,Lung Cancer,Summer,Spring
1.029691599435296,0.9646750463031537,1.099090096723021,0.37926862218968205,10 years,Lung Cancer,Autumn,Spring
0.9913354670580442,0.928253782128521,1.0587040173364195,0.7953127105990202,10 years,Lung Cancer,Winter,Spring
0.9707647679210786,0.8911675559733406,1.057471435444691,0.49665905104494446,10 years,Cervical Cancer,Summer,Spring
1.0409428879738467,0.9551963385386375,1.1343867771531482,0.36025829738188997,10 years,Cervical Cancer,Autumn,Spring
0.9841765719017588,0.902826141826552,1.0728571978661012,0.717095052801792,10 years,Cervical Cancer,Winter,Spring
0.9666838445791809,0.8930269685424358,1.046415940714091,0.4020623189349455,10 years,Esophageal Cancer,Summer,Spring
0.9916705552308042,0.9153895229250486,1.0743082212361004,0.8377153958150111,10 years,Esophageal Cancer,Autumn,Spring
1.029761540958808,0.949896354307039,1.1163416160402466,0.476458202877338,10 years,Esophageal Cancer,Winter,Spring
0.9929683565379459,0.901233005402954,1.094041331347847,0.8865447894018651,10 years,Nasopharyngeal Carcinoma,Summer,Spring
1.0295090209160345,0.9346355648319878,1.134012939404911,0.5554810003582762,10 years,Nasopharyngeal Carcinoma,Autumn,Spring
1.0490383508730208,0.9526593189461681,1.1551678965569139,0.3302371353775547,10 years,Nasopharyngeal Carcinoma,Winter,Spring
1.005871841103629,0.9170903963695405,1.1032480164774392,0.9011708391690578,10 years,Lymphoma,Summer,Spring
0.9428913157390012,0.8593767669192367,1.034521838987039,0.2139713616108189,10 years,Lymphoma,Autumn,Spring
0.9703259863414674,0.885582238348334,1.0631790916736974,0.5182472358368482,10 years,Lymphoma,Winter,Spring
0.9949029986182415,0.891225143539859,1.1106418886792768,0.9274846296384309,10 years,Gastric Cancer,Summer,Spring
1.044666308655479,0.9372478272939856,1.16439608037368,0.4299231609108427,10 years,Gastric Cancer,Autumn,Spring
1.0087929441033172,0.904014004742293,1.1257161932604611,0.8756679261626821,10 years,Gastric Cancer,Winter,Spring
0.993860287256164,0.8925999322790291,1.1066080501069644,0.9105622454840151,10 years,Other Head and Neck Cancer,Summer,Spring
0.9056306110154225,0.8128623656288018,1.0089860698295652,0.07222146591255389,10 years,Other Head and Neck Cancer,Autumn,Spring
0.9509808043449671,0.8535719943205143,1.0595058135108095,0.3619822179125407,10 years,Other Head and Neck Cancer,Winter,Spring
1.0813450138932332,0.965727347567295,1.2108045216046612,0.17525506287841092,10 years,Pancreatic Cancer,Summer,Spring
1.0585956622851875,0.9469291857847617,1.1834303906055066,0.3167358948815169,10 years,Pancreatic Cancer,Autumn,Spring
1.097496305267107,0.9800311603817898,1.2290406558151843,0.10723883641729516,10 years,Pancreatic Cancer,Winter,Spring
0.9466268253405674,0.8257113363794357,1.0852489326155732,0.4314812391463678,10 years,Prostate Cancer,Summer,Spring
1.0313652258309567,0.9012588486461627,1.1802538534309115,0.6535151127107557,10 years,Prostate Cancer,Autumn,Spring
0.9813246937745843,0.8528378496127482,1.129169108816001,0.7923243064202576,10 years,Prostate Cancer,Winter,Spring
0.8967571680500731,0.7691125483920332,1.0455861370750676,0.1642399911365555,10 years,Soft Tissue Sarcoma,Summer,Spring
0.9530210786423241,0.8138063261968314,1.1160507692058728,0.5503592962781146,10 years,Soft Tissue Sarcoma,Autumn,Spring
1.0220156747898959,0.8777913382216074,1.189936598864624,0.7790372292095993,10 years,Soft Tissue Sarcoma,Winter,Spring
0.9114435145065946,0.7970374436292543,1.042271334648301,0.1754281129638532,10 years,Liver Cancer,Summer,Spring
0.8899187988662638,0.7792420070148618,1.0163151645397237,0.08522707838176362,10 years,Liver Cancer,Autumn,Spring
0.8613030476464067,0.7532255221829948,0.9848882148005058,0.02906901417423583,10 years,Liver Cancer,Winter,Spring
0.9646580180918446,0.8735832316370842,1.065227740378004,0.4770052059507631,10 years,Other,Summer,Spring
0.9870768844998639,0.8944626454275019,1.089280565146785,0.7958231364691307,10 years,Other,Autumn,Spring
1.0155268668354207,0.9210524911723408,1.1196916865746773,0.7571212887943626,10 years,Other,Winter,Spring
