term,HR,HR_lower_95,HR_upper_95,p,E_value
age_at_rt,1.0187922146837154,1.0180602471257323,1.0195247085136037,0.0,1.1571589809841325
approval_to_rt_days,1.000510874782063,0.9984734934807893,1.0025524133520012,0.6233648010589851,1.0231191868620475
cancer_type_Breast Cancer,0.3100621898612158,0.28880102928557383,0.332888569751143,5.1904214995685655e-229,5.904057351753204
cancer_type_Colorectal Cancer,0.5790474197575347,0.5367538844235886,0.6246734752333046,2.89212561112267e-45,2.8474500169616688
cancer_type_Cervical Cancer,0.5594004753935318,0.5151774898048235,0.6074195749295322,1.8082257755722214e-43,2.974213977460809
cancer_type_Esophageal Cancer,0.8153224325151662,0.7539765377605084,0.8816596215804233,3.124386476908315e-07,1.753590018733025
cancer_type_Nasopharyngeal Carcinoma,0.5100184956701319,0.46568063683838185,0.5585778006395844,1.0438241706682735e-47,3.33318654737943
cancer_type_Lymphoma,0.6988903885956546,0.6424472173076455,0.7602924600068497,7.523523538400927e-17,2.2159906329588916
cancer_type_Gastric Cancer,0.5529147233655511,0.5009196204463118,0.6103068812557528,6.28551190543271e-32,3.0179054506034575
cancer_type_Other Head and Neck Cancer,0.5992011815556083,0.5443867462831351,0.6595348957869367,1.2750492962790547e-25,2.725439783420234
cancer_type_Pancreatic Cancer,1.516756951610049,1.3824537393361596,1.6641075102897187,1.2935147310196338e-18,2.4020787567449724
cancer_type_Prostate Cancer,0.3229488482566783,0.28717133726092114,0.36318373409095733,2.1290747359880278e-79,5.644334049881717
cancer_type_Soft Tissue Sarcoma,0.5411971937330521,0.475367308765949,0.6161433424290008,1.721484141733058e-20,3.099332110007972
cancer_type_Liver Cancer,1.1490788120984063,1.0302082646280646,1.2816652338643209,0.012626716874068196,1.5629668456474306
cancer_type_Other,0.5857986851092817,0.5358455250957538,0.6404086316003886,6.293649871575024e-32,2.805715990330282
timing_group_Night,1.2295931845382146,1.1369292978924017,1.329809516093509,2.3392839975965215e-07,1.7609181462373742
timing_group_Afternoon,1.0117147147032424,0.9497434496707401,1.077729637726816,0.718002966593975,1.1205813727938658
timing_group_Evening,1.0125949022768475,0.9472742955779117,1.0824197815813374,0.7129614453532783,1.125526447206556
sex_Male,0.9987746543765883,0.9773970044114854,1.0206198767978865,0.9115620737109139,1.0362747318363994
year_bin_2015-2019,0.9982623727910793,0.9720847457051724,1.025144946809727,0.8979320063433558,1.0434980665030276
year_bin_2020-2025,0.994016822731407,0.9699545715438485,1.0186760007743043,0.6312365255551216,1.0838357820509783
stage_Stage I,0.43109518021231047,0.4082007700589073,0.45527364971767564,1.2463586818466778e-200,4.069305050270852
stage_Stage II,0.5378119437582767,0.5104161446802081,0.5666781700846762,1.3664587178834404e-119,3.1234786817872005
stage_Stage III,0.7476083667200801,0.7101757739944443,0.787013990700052,1.2721897809609347e-28,2.009589522330817
stage_Stage IV,1.2374874689167021,1.1746014348195764,1.3037403074184832,1.1687423240704528e-15,1.7796016329164668
stage_Unknown,0.5948620688272547,0.5592972151777353,0.6326884370718534,2.915912935628304e-61,2.751065412580298
kps_group_>=90,0.7042100882389727,0.6877559740278346,0.721057856427244,8.332754634501105e-186,2.1923368280727034
kps_group_Not documented,0.7755846346035598,0.7545747324326942,0.7971795232181221,1.617013771031962e-73,1.900147222433579
concurrent_chemo_Yes,0.9514139299541133,0.9313898460580936,0.9718685145020048,4.449643779204416e-06,1.2827460712790044
total_dose_group_Low,1.230416531022294,1.197795493627081,1.263925977237211,1.1108054180794688e-51,1.7628715138993838
total_dose_group_Middle,1.106082658986121,1.080097468784998,1.132693005832179,9.381718043103641e-17,1.4486263635315215
fraction_dose_group_Low,1.1095799875436825,1.0225761861518243,1.2039863292637287,0.012566492260585089,1.4582743540220586
fraction_dose_group_Middle,1.1040134235180488,1.020850875286334,1.1939507217116054,0.013270660849472966,1.4428824480540687
cancer_type_Breast Cancer: timing_group_Night,0.7491110915157164,0.6687944021291697,0.8390731525941888,5.968871409797325e-07,2.003558800191846
cancer_type_Breast Cancer: timing_group_Afternoon,0.960470846100531,0.8790198096707164,1.0494692338670308,0.37237517569885725,1.248158031111678
cancer_type_Breast Cancer: timing_group_Evening,0.9348409409955181,0.8507643570084786,1.0272263732749165,0.16112446682066978,1.3427554040518266
cancer_type_Colorectal Cancer: timing_group_Night,0.7369169115411123,0.6509312415384683,0.8342609785202617,1.4174116132985932e-06,2.053035064096465
cancer_type_Colorectal Cancer: timing_group_Afternoon,0.9253979646213581,0.8390840237871353,1.0205907497323534,0.12066775623310588,1.3757688911665127
cancer_type_Colorectal Cancer: timing_group_Evening,0.97264129455537,0.8767527819085309,1.0790169217541674,0.6003915390138066,1.1981854752595555
cancer_type_Cervical Cancer: timing_group_Night,0.7932274290008215,0.6925445897248902,0.908547642209152,0.0008233720077262124,1.8339286662294425
cancer_type_Cervical Cancer: timing_group_Afternoon,1.0059122918503902,0.9056564924868356,1.1172663667625757,0.912372740684225,1.083030688133731
cancer_type_Cervical Cancer: timing_group_Evening,0.9673451735530102,0.8647614503525547,1.0820980565389502,0.5616041733021431,1.2205637627121062
cancer_type_Esophageal Cancer: timing_group_Night,0.7924932810468273,0.6973363981542472,0.9006350481155367,0.00036591795957990984,1.836645292416982
cancer_type_Esophageal Cancer: timing_group_Afternoon,0.9886989774413845,0.8937490904020976,1.0937361262699026,0.8253818321933751,1.118951564603265
cancer_type_Esophageal Cancer: timing_group_Evening,0.973538543624838,0.8757849483681004,1.0822032254484595,0.6193818593916663,1.1942719522440952
cancer_type_Nasopharyngeal Carcinoma: timing_group_Night,0.6570878569444557,0.5659008259905665,0.762968407031544,3.6054906183658307e-08,2.41305175630451
cancer_type_Nasopharyngeal Carcinoma: timing_group_Afternoon,1.0282193194665092,0.9154234525557065,1.1549135713887941,0.6387840156640356,1.1985591253184067
cancer_type_Nasopharyngeal Carcinoma: timing_group_Evening,0.9565082344197621,0.8453359873136899,1.0823010214201416,0.4805831694809468,1.2634985786970812
cancer_type_Lymphoma: timing_group_Night,0.8163527184123573,0.7116423345297944,0.936470089710977,0.0037657845215363136,1.749906434839938
cancer_type_Lymphoma: timing_group_Afternoon,1.0186520786681232,0.9129387212458795,1.1366064701021923,0.7409613322466462,1.1564924889503228
cancer_type_Lymphoma: timing_group_Evening,0.9826254869026584,0.8753382547638294,1.1030625501123534,0.7663722494097002,1.1518248115996257
cancer_type_Gastric Cancer: timing_group_Night,0.8162371892335605,0.694609338669076,0.959162383800476,0.013646867387866406,1.7503192287153153
cancer_type_Gastric Cancer: timing_group_Afternoon,1.0001584691198926,0.8817321125147952,1.1344907927865246,0.9980337457113485,1.0127479183673598
cancer_type_Gastric Cancer: timing_group_Evening,0.9805543535990723,0.8577640925430778,1.1209222310897884,0.7735928725757646,1.1620443510807175
cancer_type_Other Head and Neck Cancer: timing_group_Night,0.6910215166274333,0.5878718474197365,0.8122701206699198,7.4370383417318765e-06,2.251533842102689
cancer_type_Other Head and Neck Cancer: timing_group_Afternoon,0.9097136507288132,0.8037850084410779,1.0296023409635555,0.13410619004311553,1.4295452956383203
cancer_type_Other Head and Neck Cancer: timing_group_Evening,0.9103117742601677,0.797811242549655,1.0386761707047756,0.1626673764647329,1.4275108398913703
cancer_type_Pancreatic Cancer: timing_group_Night,0.7154179144322775,0.6100108967041489,0.839038769726863,3.821641832350125e-05,2.1434497590080657
cancer_type_Pancreatic Cancer: timing_group_Afternoon,0.964532988942253,0.8538082016490197,1.0896169478825297,0.5616214666226635,1.2320230479695977
cancer_type_Pancreatic Cancer: timing_group_Evening,0.9481476707539412,0.8328102315030873,1.0794584066691926,0.42105895044768493,1.2948521661114372
cancer_type_Prostate Cancer: timing_group_Night,0.7561129153444288,0.6193435910620094,0.923084938636931,0.00603031557581374,1.9756959875311937
cancer_type_Prostate Cancer: timing_group_Afternoon,1.0624196065864497,0.9132422216755097,1.2359649977510185,0.4328378876565223,1.3199381765437577
cancer_type_Prostate Cancer: timing_group_Evening,0.9779923274208218,0.830511055467743,1.1516631671511146,0.7896010862262876,1.174191043783364
cancer_type_Soft Tissue Sarcoma: timing_group_Night,0.815578329751642,0.655755573375556,1.0143535777156583,0.06696669859745595,1.7526746239909126
cancer_type_Soft Tissue Sarcoma: timing_group_Afternoon,1.0933106475909262,0.9268106074508216,1.289722153076584,0.2899170456262379,1.412712470605079
cancer_type_Soft Tissue Sarcoma: timing_group_Evening,1.1110262123618608,0.9311841681195394,1.325601622982792,0.24256718618027454,1.462242715666136
cancer_type_Liver Cancer: timing_group_Night,0.8165723480352447,0.6788940547964093,0.9821715109521084,0.03148322844210877,1.7491218616399213
cancer_type_Liver Cancer: timing_group_Afternoon,0.9595754299023392,0.8326063004399329,1.1059068435895025,0.5687898527594153,1.2516562910087425
cancer_type_Liver Cancer: timing_group_Evening,0.9617334031611348,0.8250519138349868,1.1210581094911407,0.6178636371491166,1.2431911944331526
cancer_type_Other: timing_group_Night,0.7848234241006419,0.6783913058782757,0.9079535685081082,0.0011195782139844267,1.865223752798874
cancer_type_Other: timing_group_Afternoon,0.9128319330163704,0.8129724120369289,1.0249574593148096,0.12284771295056585,1.4189275593748285
cancer_type_Other: timing_group_Evening,0.9604982886804999,0.8497221439927268,1.0857160415088178,0.5191785145830123,1.2480505051551207
